block_start_ist,mcp_rs_per_mwh
2026-08-17T00:00:00+05:30,3900.36
2026-08-17T00:15:00+05:30,3741.17
2026-08-17T00:30:00+05:30,3619.99
2026-08-17T00:45:00+05:30,3690.62
2026-08-17T01:00:00+05:30,3329.89
2026-08-17T01:15:00+05:30,3325.56
2026-08-17T01:30:00+05:30,3297.57
2026-08-17T01:45:00+05:30,3259.82
2026-08-17T02:00:00+05:30,2999.94
2026-08-17T02:15:00+05:30,2999.15
2026-08-17T02:30:00+05:30,2999.70
2026-08-17T02:45:00+05:30,3013.35
2026-08-17T03:00:00+05:30,2999.08
2026-08-17T03:15:00+05:30,2845.85
2026-08-17T03:30:00+05:30,2845.76
2026-08-17T03:45:00+05:30,2845.43
2026-08-17T04:00:00+05:30,2999.18
2026-08-17T04:15:00+05:30,2999.99
2026-08-17T04:30:00+05:30,3013.39
2026-08-17T04:45:00+05:30,3084.08
2026-08-17T05:00:00+05:30,3349.43
2026-08-17T05:15:00+05:30,4000.78
2026-08-17T05:30:00+05:30,4363.76
2026-08-17T05:45:00+05:30,4529.32
2026-08-17T06:00:00+05:30,4999.79
2026-08-17T06:15:00+05:30,5726.57
2026-08-17T06:30:00+05:30,10000.00
2026-08-17T06:45:00+05:30,6909.79
2026-08-17T07:00:00+05:30,5099.14
2026-08-17T07:15:00+05:30,4515.06
2026-08-17T07:30:00+05:30,3998.80
2026-08-17T07:45:00+05:30,3550.35
2026-08-17T08:00:00+05:30,3250.21
2026-08-17T08:15:00+05:30,2999.68
2026-08-17T08:30:00+05:30,2510.59
2026-08-17T08:45:00+05:30,2130.30
2026-08-17T09:00:00+05:30,1892.62
2026-08-17T09:15:00+05:30,1800.58
2026-08-17T09:30:00+05:30,1750.96
2026-08-17T09:45:00+05:30,1400.77
2026-08-17T10:00:00+05:30,1111.78
2026-08-17T10:15:00+05:30,1111.60
2026-08-17T10:30:00+05:30,1111.48
2026-08-17T10:45:00+05:30,1111.51
2026-08-17T11:00:00+05:30,1111.45
2026-08-17T11:15:00+05:30,1111.42
2026-08-17T11:30:00+05:30,1111.36
2026-08-17T11:45:00+05:30,1111.31
2026-08-17T12:00:00+05:30,1111.29
2026-08-17T12:15:00+05:30,1111.29
2026-08-17T12:30:00+05:30,1111.28
2026-08-17T12:45:00+05:30,1111.26
2026-08-17T13:00:00+05:30,1111.11
2026-08-17T13:15:00+05:30,1111.10
2026-08-17T13:30:00+05:30,1111.24
2026-08-17T13:45:00+05:30,1111.30
2026-08-17T14:00:00+05:30,1111.52
2026-08-17T14:15:00+05:30,1111.74
2026-08-17T14:30:00+05:30,1111.80
2026-08-17T14:45:00+05:30,1400.01
2026-08-17T15:00:00+05:30,1757.18
2026-08-17T15:15:00+05:30,1780.95
2026-08-17T15:30:00+05:30,1840.91
2026-08-17T15:45:00+05:30,2000.44
2026-08-17T16:00:00+05:30,2280.59
2026-08-17T16:15:00+05:30,2519.65
2026-08-17T16:30:00+05:30,2840.06
2026-08-17T16:45:00+05:30,2986.99
2026-08-17T17:00:00+05:30,3086.73
2026-08-17T17:15:00+05:30,3069.36
2026-08-17T17:30:00+05:30,3049.50
2026-08-17T17:45:00+05:30,3195.81
2026-08-17T18:00:00+05:30,3400.80
2026-08-17T18:15:00+05:30,3619.64
2026-08-17T18:30:00+05:30,4586.06
2026-08-17T18:45:00+05:30,10000.00
2026-08-17T19:00:00+05:30,10000.00
2026-08-17T19:15:00+05:30,10000.00
2026-08-17T19:30:00+05:30,10000.00
2026-08-17T19:45:00+05:30,10000.00
2026-08-17T20:00:00+05:30,10000.00
2026-08-17T20:15:00+05:30,10000.00
2026-08-17T20:30:00+05:30,10000.00
2026-08-17T20:45:00+05:30,10000.00
2026-08-17T21:00:00+05:30,10000.00
2026-08-17T21:15:00+05:30,10000.00
2026-08-17T21:30:00+05:30,10000.00
2026-08-17T21:45:00+05:30,10000.00
2026-08-17T22:00:00+05:30,10000.00
2026-08-17T22:15:00+05:30,10000.00
2026-08-17T22:30:00+05:30,10000.00
2026-08-17T22:45:00+05:30,10000.00
2026-08-17T23:00:00+05:30,10000.00
2026-08-17T23:15:00+05:30,10000.00
2026-08-17T23:30:00+05:30,10000.00
2026-08-17T23:45:00+05:30,10000.00
2026-08-18T00:00:00+05:30,3741.02
2026-08-18T00:15:00+05:30,3690.15
2026-08-18T00:30:00+05:30,3619.41
2026-08-18T00:45:00+05:30,3630.00
2026-08-18T01:00:00+05:30,3329.30
2026-08-18T01:15:00+05:30,3325.35
2026-08-18T01:30:00+05:30,3329.03
2026-08-18T01:45:00+05:30,3301.65
2026-08-18T02:00:00+05:30,2999.40
2026-08-18T02:15:00+05:30,2998.16
2026-08-18T02:30:00+05:30,2845.40
2026-08-18T02:45:00+05:30,2842.31
2026-08-18T03:00:00+05:30,2550.27
2026-08-18T03:15:00+05:30,2478.59
2026-08-18T03:30:00+05:30,2420.47
2026-08-18T03:45:00+05:30,2390.71
2026-08-18T04:00:00+05:30,2516.60
2026-08-18T04:15:00+05:30,2516.93
2026-08-18T04:30:00+05:30,2584.71
2026-08-18T04:45:00+05:30,2629.28
2026-08-18T05:00:00+05:30,3199.23
2026-08-18T05:15:00+05:30,3799.78
2026-08-18T05:30:00+05:30,3998.56
2026-08-18T05:45:00+05:30,4098.10
2026-08-18T06:00:00+05:30,4419.26
2026-08-18T06:15:00+05:30,4800.92
2026-08-18T06:30:00+05:30,4913.70
2026-08-18T06:45:00+05:30,4949.90
2026-08-18T07:00:00+05:30,4254.94
2026-08-18T07:15:00+05:30,4020.83
2026-08-18T07:30:00+05:30,3720.90
2026-08-18T07:45:00+05:30,3410.76
2026-08-18T08:00:00+05:30,3099.99
2026-08-18T08:15:00+05:30,2999.99
2026-08-18T08:30:00+05:30,2570.90
2026-08-18T08:45:00+05:30,2420.90
2026-08-18T09:00:00+05:30,2390.37
2026-08-18T09:15:00+05:30,2279.74
2026-08-18T09:30:00+05:30,2100.35
2026-08-18T09:45:00+05:30,1850.66
2026-08-18T10:00:00+05:30,1760.09
2026-08-18T10:15:00+05:30,1699.23
2026-08-18T10:30:00+05:30,1523.53
2026-08-18T10:45:00+05:30,1400.74
2026-08-18T11:00:00+05:30,1400.55
2026-08-18T11:15:00+05:30,1400.08
2026-08-18T11:30:00+05:30,1212.32
2026-08-18T11:45:00+05:30,1111.99
2026-08-18T12:00:00+05:30,1111.80
2026-08-18T12:15:00+05:30,1111.78
2026-08-18T12:30:00+05:30,1111.75
2026-08-18T12:45:00+05:30,1111.74
2026-08-18T13:00:00+05:30,1111.66
2026-08-18T13:15:00+05:30,1111.64
2026-08-18T13:30:00+05:30,1111.73
2026-08-18T13:45:00+05:30,1111.83
2026-08-18T14:00:00+05:30,1400.02
2026-08-18T14:15:00+05:30,1524.10
2026-08-18T14:30:00+05:30,1600.19
2026-08-18T14:45:00+05:30,1699.34
2026-08-18T15:00:00+05:30,1760.90
2026-08-18T15:15:00+05:30,1840.91
2026-08-18T15:30:00+05:30,1998.00
2026-08-18T15:45:00+05:30,2129.68
2026-08-18T16:00:00+05:30,2477.56
2026-08-18T16:15:00+05:30,2539.78
2026-08-18T16:30:00+05:30,2830.16
2026-08-18T16:45:00+05:30,2842.92
2026-08-18T17:00:00+05:30,2990.83
2026-08-18T17:15:00+05:30,2955.55
2026-08-18T17:30:00+05:30,2634.20
2026-08-18T17:45:00+05:30,2845.89
2026-08-18T18:00:00+05:30,3202.00
2026-08-18T18:15:00+05:30,3630.47
2026-08-18T18:30:00+05:30,4131.52
2026-08-18T18:45:00+05:30,5570.82
2026-08-18T19:00:00+05:30,10000.00
2026-08-18T19:15:00+05:30,10000.00
2026-08-18T19:30:00+05:30,10000.00
2026-08-18T19:45:00+05:30,10000.00
2026-08-18T20:00:00+05:30,10000.00
2026-08-18T20:15:00+05:30,10000.00
2026-08-18T20:30:00+05:30,10000.00
2026-08-18T20:45:00+05:30,10000.00
2026-08-18T21:00:00+05:30,10000.00
2026-08-18T21:15:00+05:30,10000.00
2026-08-18T21:30:00+05:30,10000.00
2026-08-18T21:45:00+05:30,10000.00
2026-08-18T22:00:00+05:30,10000.00
2026-08-18T22:15:00+05:30,10000.00
2026-08-18T22:30:00+05:30,10000.00
2026-08-18T22:45:00+05:30,10000.00
2026-08-18T23:00:00+05:30,10000.00
2026-08-18T23:15:00+05:30,10000.00
2026-08-18T23:30:00+05:30,10000.00
2026-08-18T23:45:00+05:30,10000.00
2026-08-19T00:00:00+05:30,3619.32
2026-08-19T00:15:00+05:30,3619.29
2026-08-19T00:30:00+05:30,3600.23
2026-08-19T00:45:00+05:30,3619.26
2026-08-19T01:00:00+05:30,3259.65
2026-08-19T01:15:00+05:30,3259.65
2026-08-19T01:30:00+05:30,3259.50
2026-08-19T01:45:00+05:30,3219.81
2026-08-19T02:00:00+05:30,3000.38
2026-08-19T02:15:00+05:30,2842.45
2026-08-19T02:30:00+05:30,2585.66
2026-08-19T02:45:00+05:30,2570.53
2026-08-19T03:00:00+05:30,2390.78
2026-08-19T03:15:00+05:30,2390.68
2026-08-19T03:30:00+05:30,2390.52
2026-08-19T03:45:00+05:30,2390.41
2026-08-19T04:00:00+05:30,2520.16
2026-08-19T04:15:00+05:30,2520.32
2026-08-19T04:30:00+05:30,2568.24
2026-08-19T04:45:00+05:30,2620.70
2026-08-19T05:00:00+05:30,2946.61
2026-08-19T05:15:00+05:30,3264.83
2026-08-19T05:30:00+05:30,3900.59
2026-08-19T05:45:00+05:30,4000.06
2026-08-19T06:00:00+05:30,4254.46
2026-08-19T06:15:00+05:30,4829.28
2026-08-19T06:30:00+05:30,4999.73
2026-08-19T06:45:00+05:30,4999.83
2026-08-19T07:00:00+05:30,4500.68
2026-08-19T07:15:00+05:30,4113.89
2026-08-19T07:30:00+05:30,3998.12
2026-08-19T07:45:00+05:30,3600.23
2026-08-19T08:00:00+05:30,3215.62
2026-08-19T08:15:00+05:30,2850.84
2026-08-19T08:30:00+05:30,2534.71
2026-08-19T08:45:00+05:30,2390.81
2026-08-19T09:00:00+05:30,2311.15
2026-08-19T09:15:00+05:30,2162.28
2026-08-19T09:30:00+05:30,2000.40
2026-08-19T09:45:00+05:30,1885.25
2026-08-19T10:00:00+05:30,1718.08
2026-08-19T10:15:00+05:30,1600.44
2026-08-19T10:30:00+05:30,1523.67
2026-08-19T10:45:00+05:30,1411.11
2026-08-19T11:00:00+05:30,1422.42
2026-08-19T11:15:00+05:30,1410.61
2026-08-19T11:30:00+05:30,1400.50
2026-08-19T11:45:00+05:30,1400.37
2026-08-19T12:00:00+05:30,1341.48
2026-08-19T12:15:00+05:30,1259.03
2026-08-19T12:30:00+05:30,1120.88
2026-08-19T12:45:00+05:30,1120.52
2026-08-19T13:00:00+05:30,1111.64
2026-08-19T13:15:00+05:30,1111.66
2026-08-19T13:30:00+05:30,1120.07
2026-08-19T13:45:00+05:30,1301.24
2026-08-19T14:00:00+05:30,1400.79
2026-08-19T14:15:00+05:30,1523.98
2026-08-19T14:30:00+05:30,1563.36
2026-08-19T14:45:00+05:30,1603.80
2026-08-19T15:00:00+05:30,1750.46
2026-08-19T15:15:00+05:30,1850.98
2026-08-19T15:30:00+05:30,1999.05
2026-08-19T15:45:00+05:30,2100.11
2026-08-19T16:00:00+05:30,2279.50
2026-08-19T16:15:00+05:30,2390.54
2026-08-19T16:30:00+05:30,2570.63
2026-08-19T16:45:00+05:30,2763.97
2026-08-19T17:00:00+05:30,2800.37
2026-08-19T17:15:00+05:30,2860.90
2026-08-19T17:30:00+05:30,2845.81
2026-08-19T17:45:00+05:30,2850.95
2026-08-19T18:00:00+05:30,3006.79
2026-08-19T18:15:00+05:30,3707.60
2026-08-19T18:30:00+05:30,5000.26
2026-08-19T18:45:00+05:30,5570.37
2026-08-19T19:00:00+05:30,10000.00
2026-08-19T19:15:00+05:30,10000.00
2026-08-19T19:30:00+05:30,10000.00
2026-08-19T19:45:00+05:30,10000.00
2026-08-19T20:00:00+05:30,10000.00
2026-08-19T20:15:00+05:30,10000.00
2026-08-19T20:30:00+05:30,10000.00
2026-08-19T20:45:00+05:30,10000.00
2026-08-19T21:00:00+05:30,10000.00
2026-08-19T21:15:00+05:30,10000.00
2026-08-19T21:30:00+05:30,10000.00
2026-08-19T21:45:00+05:30,10000.00
2026-08-19T22:00:00+05:30,10000.00
2026-08-19T22:15:00+05:30,10000.00
2026-08-19T22:30:00+05:30,10000.00
2026-08-19T22:45:00+05:30,10000.00
2026-08-19T23:00:00+05:30,10000.00
2026-08-19T23:15:00+05:30,10000.00
2026-08-19T23:30:00+05:30,10000.00
2026-08-19T23:45:00+05:30,10000.00
2026-08-20T00:00:00+05:30,4300.05
2026-08-20T00:15:00+05:30,3964.16
2026-08-20T00:30:00+05:30,3856.53
2026-08-20T00:45:00+05:30,3800.69
2026-08-20T01:00:00+05:30,3856.09
2026-08-20T01:15:00+05:30,3800.78
2026-08-20T01:30:00+05:30,3711.73
2026-08-20T01:45:00+05:30,3699.61
2026-08-20T02:00:00+05:30,3603.24
2026-08-20T02:15:00+05:30,3600.73
2026-08-20T02:30:00+05:30,3600.19
2026-08-20T02:45:00+05:30,3439.06
2026-08-20T03:00:00+05:30,3109.82
2026-08-20T03:15:00+05:30,3109.66
2026-08-20T03:30:00+05:30,3109.79
2026-08-20T03:45:00+05:30,3109.16
2026-08-20T04:00:00+05:30,3109.53
2026-08-20T04:15:00+05:30,3109.54
2026-08-20T04:30:00+05:30,3109.90
2026-08-20T04:45:00+05:30,3305.23
2026-08-20T05:00:00+05:30,3499.80
2026-08-20T05:15:00+05:30,3700.34
2026-08-20T05:30:00+05:30,4167.48
2026-08-20T05:45:00+05:30,4775.14
2026-08-20T06:00:00+05:30,5177.06
2026-08-20T06:15:00+05:30,5609.89
2026-08-20T06:30:00+05:30,7999.02
2026-08-20T06:45:00+05:30,7697.67
2026-08-20T07:00:00+05:30,5290.40
2026-08-20T07:15:00+05:30,4619.49
2026-08-20T07:30:00+05:30,4234.87
2026-08-20T07:45:00+05:30,3998.64
2026-08-20T08:00:00+05:30,3550.28
2026-08-20T08:15:00+05:30,3369.43
2026-08-20T08:30:00+05:30,2930.29
2026-08-20T08:45:00+05:30,2600.61
2026-08-20T09:00:00+05:30,2476.02
2026-08-20T09:15:00+05:30,2470.21
2026-08-20T09:30:00+05:30,2400.07
2026-08-20T09:45:00+05:30,2045.42
2026-08-20T10:00:00+05:30,1840.45
2026-08-20T10:15:00+05:30,1700.63
2026-08-20T10:30:00+05:30,1603.36
2026-08-20T10:45:00+05:30,1551.25
2026-08-20T11:00:00+05:30,1460.91
2026-08-20T11:15:00+05:30,1410.37
2026-08-20T11:30:00+05:30,1111.85
2026-08-20T11:45:00+05:30,1111.84
2026-08-20T12:00:00+05:30,1111.73
2026-08-20T12:15:00+05:30,1111.67
2026-08-20T12:30:00+05:30,1111.63
2026-08-20T12:45:00+05:30,1111.57
2026-08-20T13:00:00+05:30,1111.45
2026-08-20T13:15:00+05:30,1111.42
2026-08-20T13:30:00+05:30,1111.61
2026-08-20T13:45:00+05:30,1111.76
2026-08-20T14:00:00+05:30,1410.63
2026-08-20T14:15:00+05:30,1524.54
2026-08-20T14:30:00+05:30,1572.04
2026-08-20T14:45:00+05:30,1600.79
2026-08-20T15:00:00+05:30,1750.72
2026-08-20T15:15:00+05:30,1881.95
2026-08-20T15:30:00+05:30,2060.39
2026-08-20T15:45:00+05:30,2158.96
2026-08-20T16:00:00+05:30,2449.63
2026-08-20T16:15:00+05:30,2510.22
2026-08-20T16:30:00+05:30,2845.36
2026-08-20T16:45:00+05:30,2845.53
2026-08-20T17:00:00+05:30,2860.94
2026-08-20T17:15:00+05:30,2929.73
2026-08-20T17:30:00+05:30,2850.95
2026-08-20T17:45:00+05:30,2920.63
2026-08-20T18:00:00+05:30,3470.45
2026-08-20T18:15:00+05:30,3856.03
2026-08-20T18:30:00+05:30,5440.34
2026-08-20T18:45:00+05:30,7000.74
2026-08-20T19:00:00+05:30,10000.00
2026-08-20T19:15:00+05:30,10000.00
2026-08-20T19:30:00+05:30,10000.00
2026-08-20T19:45:00+05:30,10000.00
2026-08-20T20:00:00+05:30,10000.00
2026-08-20T20:15:00+05:30,10000.00
2026-08-20T20:30:00+05:30,10000.00
2026-08-20T20:45:00+05:30,10000.00
2026-08-20T21:00:00+05:30,10000.00
2026-08-20T21:15:00+05:30,10000.00
2026-08-20T21:30:00+05:30,10000.00
2026-08-20T21:45:00+05:30,10000.00
2026-08-20T22:00:00+05:30,10000.00
2026-08-20T22:15:00+05:30,10000.00
2026-08-20T22:30:00+05:30,10000.00
2026-08-20T22:45:00+05:30,10000.00
2026-08-20T23:00:00+05:30,10000.00
2026-08-20T23:15:00+05:30,10000.00
2026-08-20T23:30:00+05:30,10000.00
2026-08-20T23:45:00+05:30,10000.00
2026-08-21T00:00:00+05:30,10000.00
2026-08-21T00:15:00+05:30,10000.00
2026-08-21T00:30:00+05:30,6569.35
2026-08-21T00:45:00+05:30,5450.23
2026-08-21T01:00:00+05:30,5138.65
2026-08-21T01:15:00+05:30,4700.73
2026-08-21T01:30:00+05:30,4700.48
2026-08-21T01:45:00+05:30,4344.03
2026-08-21T02:00:00+05:30,3600.85
2026-08-21T02:15:00+05:30,3600.61
2026-08-21T02:30:00+05:30,3600.97
2026-08-21T02:45:00+05:30,3669.30
2026-08-21T03:00:00+05:30,3600.19
2026-08-21T03:15:00+05:30,3499.09
2026-08-21T03:30:00+05:30,3369.73
2026-08-21T03:45:00+05:30,3150.46
2026-08-21T04:00:00+05:30,3439.52
2026-08-21T04:15:00+05:30,3249.62
2026-08-21T04:30:00+05:30,3404.56
2026-08-21T04:45:00+05:30,3600.68
2026-08-21T05:00:00+05:30,3801.13
2026-08-21T05:15:00+05:30,5500.54
2026-08-21T05:30:00+05:30,7999.93
2026-08-21T05:45:00+05:30,8500.82
2026-08-21T06:00:00+05:30,10000.00
2026-08-21T06:15:00+05:30,10000.00
2026-08-21T06:30:00+05:30,10000.00
2026-08-21T06:45:00+05:30,10000.00
2026-08-21T07:00:00+05:30,9999.06
2026-08-21T07:15:00+05:30,5800.55
2026-08-21T07:30:00+05:30,4254.84
2026-08-21T07:45:00+05:30,4020.88
2026-08-21T08:00:00+05:30,3561.58
2026-08-21T08:15:00+05:30,3299.18
2026-08-21T08:30:00+05:30,3172.50
2026-08-21T08:45:00+05:30,2900.03
2026-08-21T09:00:00+05:30,2480.59
2026-08-21T09:15:00+05:30,2470.05
2026-08-21T09:30:00+05:30,2182.51
2026-08-21T09:45:00+05:30,2080.24
2026-08-21T10:00:00+05:30,1966.15
2026-08-21T10:15:00+05:30,1896.28
2026-08-21T10:30:00+05:30,1700.61
2026-08-21T10:45:00+05:30,1699.51
2026-08-21T11:00:00+05:30,1619.81
2026-08-21T11:15:00+05:30,1603.15
2026-08-21T11:30:00+05:30,1563.67
2026-08-21T11:45:00+05:30,1524.79
2026-08-21T12:00:00+05:30,1523.72
2026-08-21T12:15:00+05:30,1523.58
2026-08-21T12:30:00+05:30,1523.26
2026-08-21T12:45:00+05:30,1400.96
2026-08-21T13:00:00+05:30,1399.87
2026-08-21T13:15:00+05:30,1400.85
2026-08-21T13:30:00+05:30,1523.45
2026-08-21T13:45:00+05:30,1603.03
2026-08-21T14:00:00+05:30,1699.97
2026-08-21T14:15:00+05:30,1700.32
2026-08-21T14:30:00+05:30,1700.63
2026-08-21T14:45:00+05:30,1706.88
2026-08-21T15:00:00+05:30,1998.19
2026-08-21T15:15:00+05:30,2100.05
2026-08-21T15:30:00+05:30,2279.79
2026-08-21T15:45:00+05:30,2400.72
2026-08-21T16:00:00+05:30,2519.23
2026-08-21T16:15:00+05:30,2773.50
2026-08-21T16:30:00+05:30,3064.84
2026-08-21T16:45:00+05:30,3369.81
2026-08-21T17:00:00+05:30,3614.08
2026-08-21T17:15:00+05:30,3736.71
2026-08-21T17:30:00+05:30,3743.93
2026-08-21T17:45:00+05:30,3627.95
2026-08-21T18:00:00+05:30,4098.18
2026-08-21T18:15:00+05:30,5250.56
2026-08-21T18:30:00+05:30,10000.00
2026-08-21T18:45:00+05:30,10000.00
2026-08-21T19:00:00+05:30,10000.00
2026-08-21T19:15:00+05:30,10000.00
2026-08-21T19:30:00+05:30,10000.00
2026-08-21T19:45:00+05:30,10000.00
2026-08-21T20:00:00+05:30,10000.00
2026-08-21T20:15:00+05:30,10000.00
2026-08-21T20:30:00+05:30,10000.00
2026-08-21T20:45:00+05:30,10000.00
2026-08-21T21:00:00+05:30,10000.00
2026-08-21T21:15:00+05:30,10000.00
2026-08-21T21:30:00+05:30,10000.00
2026-08-21T21:45:00+05:30,10000.00
2026-08-21T22:00:00+05:30,10000.00
2026-08-21T22:15:00+05:30,10000.00
2026-08-21T22:30:00+05:30,10000.00
2026-08-21T22:45:00+05:30,10000.00
2026-08-21T23:00:00+05:30,10000.00
2026-08-21T23:15:00+05:30,10000.00
2026-08-21T23:30:00+05:30,10000.00
2026-08-21T23:45:00+05:30,10000.00
2026-08-22T00:00:00+05:30,10000.00
2026-08-22T00:15:00+05:30,10000.00
2026-08-22T00:30:00+05:30,10000.00
2026-08-22T00:45:00+05:30,10000.00
2026-08-22T01:00:00+05:30,10000.00
2026-08-22T01:15:00+05:30,10000.00
2026-08-22T01:30:00+05:30,10000.00
2026-08-22T01:45:00+05:30,10000.00
2026-08-22T02:00:00+05:30,9999.84
2026-08-22T02:15:00+05:30,9999.48
2026-08-22T02:30:00+05:30,5806.55
2026-08-22T02:45:00+05:30,5500.71
2026-08-22T03:00:00+05:30,3650.14
2026-08-22T03:15:00+05:30,3530.28
2026-08-22T03:30:00+05:30,3439.57
2026-08-22T03:45:00+05:30,3249.74
2026-08-22T04:00:00+05:30,3499.30
2026-08-22T04:15:00+05:30,3499.41
2026-08-22T04:30:00+05:30,3800.19
2026-08-22T04:45:00+05:30,4730.38
2026-08-22T05:00:00+05:30,8149.42
2026-08-22T05:15:00+05:30,10000.00
2026-08-22T05:30:00+05:30,10000.00
2026-08-22T05:45:00+05:30,10000.00
2026-08-22T06:00:00+05:30,10000.00
2026-08-22T06:15:00+05:30,10000.00
2026-08-22T06:30:00+05:30,10000.00
2026-08-22T06:45:00+05:30,10000.00
2026-08-22T07:00:00+05:30,10000.00
2026-08-22T07:15:00+05:30,7999.70
2026-08-22T07:30:00+05:30,5483.96
2026-08-22T07:45:00+05:30,4650.49
2026-08-22T08:00:00+05:30,4294.43
2026-08-22T08:15:00+05:30,4098.31
2026-08-22T08:30:00+05:30,3614.19
2026-08-22T08:45:00+05:30,3398.98
2026-08-22T09:00:00+05:30,3160.05
2026-08-22T09:15:00+05:30,2800.87
2026-08-22T09:30:00+05:30,2519.90
2026-08-22T09:45:00+05:30,2470.33
2026-08-22T10:00:00+05:30,2156.26
2026-08-22T10:15:00+05:30,2000.44
2026-08-22T10:30:00+05:30,1900.98
2026-08-22T10:45:00+05:30,1800.10
2026-08-22T11:00:00+05:30,1774.62
2026-08-22T11:15:00+05:30,1706.02
2026-08-22T11:30:00+05:30,1700.64
2026-08-22T11:45:00+05:30,1700.44
2026-08-22T12:00:00+05:30,1700.22
2026-08-22T12:15:00+05:30,1700.15
2026-08-22T12:30:00+05:30,1699.82
2026-08-22T12:45:00+05:30,1603.09
2026-08-22T13:00:00+05:30,1523.37
2026-08-22T13:15:00+05:30,1524.57
2026-08-22T13:30:00+05:30,1699.83
2026-08-22T13:45:00+05:30,1700.45
2026-08-22T14:00:00+05:30,1750.73
2026-08-22T14:15:00+05:30,1800.26
2026-08-22T14:30:00+05:30,1890.35
2026-08-22T14:45:00+05:30,1930.64
2026-08-22T15:00:00+05:30,2167.00
2026-08-22T15:15:00+05:30,2470.31
2026-08-22T15:30:00+05:30,2519.93
2026-08-22T15:45:00+05:30,2558.73
2026-08-22T16:00:00+05:30,3160.21
2026-08-22T16:15:00+05:30,3292.53
2026-08-22T16:30:00+05:30,3599.33
2026-08-22T16:45:00+05:30,3614.97
2026-08-22T17:00:00+05:30,3856.17
2026-08-22T17:15:00+05:30,4100.72
2026-08-22T17:30:00+05:30,5250.52
2026-08-22T17:45:00+05:30,5570.82
2026-08-22T18:00:00+05:30,4913.17
2026-08-22T18:15:00+05:30,5467.28
2026-08-22T18:30:00+05:30,9999.96
2026-08-22T18:45:00+05:30,10000.00
2026-08-22T19:00:00+05:30,10000.00
2026-08-22T19:15:00+05:30,10000.00
2026-08-22T19:30:00+05:30,10000.00
2026-08-22T19:45:00+05:30,10000.00
2026-08-22T20:00:00+05:30,10000.00
2026-08-22T20:15:00+05:30,10000.00
2026-08-22T20:30:00+05:30,10000.00
2026-08-22T20:45:00+05:30,10000.00
2026-08-22T21:00:00+05:30,10000.00
2026-08-22T21:15:00+05:30,10000.00
2026-08-22T21:30:00+05:30,10000.00
2026-08-22T21:45:00+05:30,10000.00
2026-08-22T22:00:00+05:30,10000.00
2026-08-22T22:15:00+05:30,10000.00
2026-08-22T22:30:00+05:30,10000.00
2026-08-22T22:45:00+05:30,10000.00
2026-08-22T23:00:00+05:30,10000.00
2026-08-22T23:15:00+05:30,10000.00
2026-08-22T23:30:00+05:30,10000.00
2026-08-22T23:45:00+05:30,10000.00
2026-08-23T00:00:00+05:30,10000.00
2026-08-23T00:15:00+05:30,10000.00
2026-08-23T00:30:00+05:30,10000.00
2026-08-23T00:45:00+05:30,10000.00
2026-08-23T01:00:00+05:30,10000.00
2026-08-23T01:15:00+05:30,10000.00
2026-08-23T01:30:00+05:30,10000.00
2026-08-23T01:45:00+05:30,10000.00
2026-08-23T02:00:00+05:30,6800.34
2026-08-23T02:15:00+05:30,6800.15
2026-08-23T02:30:00+05:30,5855.84
2026-08-23T02:45:00+05:30,5600.82
2026-08-23T03:00:00+05:30,4098.91
2026-08-23T03:15:00+05:30,4098.68
2026-08-23T03:30:00+05:30,4000.70
2026-08-23T03:45:00+05:30,3856.68
2026-08-23T04:00:00+05:30,4098.07
2026-08-23T04:15:00+05:30,4098.40
2026-08-23T04:30:00+05:30,4431.59
2026-08-23T04:45:00+05:30,7500.99
2026-08-23T05:00:00+05:30,10000.00
2026-08-23T05:15:00+05:30,10000.00
2026-08-23T05:30:00+05:30,10000.00
2026-08-23T05:45:00+05:30,10000.00
2026-08-23T06:00:00+05:30,10000.00
2026-08-23T06:15:00+05:30,10000.00
2026-08-23T06:30:00+05:30,10000.00
2026-08-23T06:45:00+05:30,10000.00
2026-08-23T07:00:00+05:30,8149.71
2026-08-23T07:15:00+05:30,6499.46
2026-08-23T07:30:00+05:30,4979.48
2026-08-23T07:45:00+05:30,4167.72
2026-08-23T08:00:00+05:30,3614.48
2026-08-23T08:15:00+05:30,3311.91
2026-08-23T08:30:00+05:30,3065.16
2026-08-23T08:45:00+05:30,2624.60
2026-08-23T09:00:00+05:30,2470.60
2026-08-23T09:15:00+05:30,2470.04
2026-08-23T09:30:00+05:30,2100.21
2026-08-23T09:45:00+05:30,1969.50
2026-08-23T10:00:00+05:30,1840.23
2026-08-23T10:15:00+05:30,1701.00
2026-08-23T10:30:00+05:30,1572.05
2026-08-23T10:45:00+05:30,1524.99
2026-08-23T11:00:00+05:30,1572.59
2026-08-23T11:15:00+05:30,1523.86
2026-08-23T11:30:00+05:30,1400.96
2026-08-23T11:45:00+05:30,1400.84
2026-08-23T12:00:00+05:30,1400.44
2026-08-23T12:15:00+05:30,1399.30
2026-08-23T12:30:00+05:30,1301.77
2026-08-23T12:45:00+05:30,1263.74
2026-08-23T13:00:00+05:30,1111.92
2026-08-23T13:15:00+05:30,1111.97
2026-08-23T13:30:00+05:30,1300.84
2026-08-23T13:45:00+05:30,1399.65
2026-08-23T14:00:00+05:30,1523.97
2026-08-23T14:15:00+05:30,1524.03
2026-08-23T14:30:00+05:30,1604.44
2026-08-23T14:45:00+05:30,1700.04
2026-08-23T15:00:00+05:30,1892.26
2026-08-23T15:15:00+05:30,1999.93
2026-08-23T15:30:00+05:30,2279.82
2026-08-23T15:45:00+05:30,2458.10
2026-08-23T16:00:00+05:30,2718.25
2026-08-23T16:15:00+05:30,3095.27
2026-08-23T16:30:00+05:30,3292.69
2026-08-23T16:45:00+05:30,3561.02
2026-08-23T17:00:00+05:30,3398.23
2026-08-23T17:15:00+05:30,3353.92
2026-08-23T17:30:00+05:30,3353.75
2026-08-23T17:45:00+05:30,3353.98
2026-08-23T18:00:00+05:30,3470.39
2026-08-23T18:15:00+05:30,3630.76
2026-08-23T18:30:00+05:30,4999.70
2026-08-23T18:45:00+05:30,5099.84
2026-08-23T19:00:00+05:30,10000.00
2026-08-23T19:15:00+05:30,10000.00
2026-08-23T19:30:00+05:30,10000.00
2026-08-23T19:45:00+05:30,10000.00
2026-08-23T20:00:00+05:30,10000.00
2026-08-23T20:15:00+05:30,10000.00
2026-08-23T20:30:00+05:30,10000.00
2026-08-23T20:45:00+05:30,10000.00
2026-08-23T21:00:00+05:30,10000.00
2026-08-23T21:15:00+05:30,10000.00
2026-08-23T21:30:00+05:30,10000.00
2026-08-23T21:45:00+05:30,10000.00
2026-08-23T22:00:00+05:30,10000.00
2026-08-23T22:15:00+05:30,10000.00
2026-08-23T22:30:00+05:30,10000.00
2026-08-23T22:45:00+05:30,10000.00
2026-08-23T23:00:00+05:30,10000.00
2026-08-23T23:15:00+05:30,10000.00
2026-08-23T23:30:00+05:30,10000.00
2026-08-23T23:45:00+05:30,10000.00
2026-08-24T00:00:00+05:30,10000.00
2026-08-24T00:15:00+05:30,10000.00
2026-08-24T00:30:00+05:30,10000.00
2026-08-24T00:45:00+05:30,10000.00
2026-08-24T01:00:00+05:30,10000.00
2026-08-24T01:15:00+05:30,10000.00
2026-08-24T01:30:00+05:30,10000.00
2026-08-24T01:45:00+05:30,10000.00
2026-08-24T02:00:00+05:30,10000.00
2026-08-24T02:15:00+05:30,10000.00
2026-08-24T02:30:00+05:30,10000.00
2026-08-24T02:45:00+05:30,10000.00
2026-08-24T03:00:00+05:30,10000.00
2026-08-24T03:15:00+05:30,10000.00
2026-08-24T03:30:00+05:30,10000.00
2026-08-24T03:45:00+05:30,9999.79
2026-08-24T04:00:00+05:30,10000.00
2026-08-24T04:15:00+05:30,10000.00
2026-08-24T04:30:00+05:30,10000.00
2026-08-24T04:45:00+05:30,10000.00
2026-08-24T05:00:00+05:30,10000.00
2026-08-24T05:15:00+05:30,10000.00
2026-08-24T05:30:00+05:30,10000.00
2026-08-24T05:45:00+05:30,10000.00
2026-08-24T06:00:00+05:30,10000.00
2026-08-24T06:15:00+05:30,10000.00
2026-08-24T06:30:00+05:30,10000.00
2026-08-24T06:45:00+05:30,10000.00
2026-08-24T07:00:00+05:30,10000.00
2026-08-24T07:15:00+05:30,10000.00
2026-08-24T07:30:00+05:30,10000.00
2026-08-24T07:45:00+05:30,10000.00
2026-08-24T08:00:00+05:30,5570.05
2026-08-24T08:15:00+05:30,5000.73
2026-08-24T08:30:00+05:30,4254.63
2026-08-24T08:45:00+05:30,3738.92
2026-08-24T09:00:00+05:30,3500.52
2026-08-24T09:15:00+05:30,3369.61
2026-08-24T09:30:00+05:30,3046.14
2026-08-24T09:45:00+05:30,2845.93
2026-08-24T10:00:00+05:30,2279.65
2026-08-24T10:15:00+05:30,2120.84
2026-08-24T10:30:00+05:30,1999.72
2026-08-24T10:45:00+05:30,1999.10
2026-08-24T11:00:00+05:30,1966.99
2026-08-24T11:15:00+05:30,1966.30
2026-08-24T11:30:00+05:30,1918.94
2026-08-24T11:45:00+05:30,1898.10
2026-08-24T12:00:00+05:30,1887.26
2026-08-24T12:15:00+05:30,1881.78
2026-08-24T12:30:00+05:30,1862.55
2026-08-24T12:45:00+05:30,1860.89
2026-08-24T13:00:00+05:30,1860.26
2026-08-24T13:15:00+05:30,1860.42
2026-08-24T13:30:00+05:30,1860.94
2026-08-24T13:45:00+05:30,1995.64
2026-08-24T14:00:00+05:30,2000.84
2026-08-24T14:15:00+05:30,2129.60
2026-08-24T14:30:00+05:30,2220.12
2026-08-24T14:45:00+05:30,2279.52
2026-08-24T15:00:00+05:30,2514.90
2026-08-24T15:15:00+05:30,2700.66
2026-08-24T15:30:00+05:30,3084.68
2026-08-24T15:45:00+05:30,3199.01
2026-08-24T16:00:00+05:30,3599.55
2026-08-24T16:15:00+05:30,3997.74
2026-08-24T16:30:00+05:30,5001.67
2026-08-24T16:45:00+05:30,5509.07
2026-08-24T17:00:00+05:30,10000.00
2026-08-24T17:15:00+05:30,10000.00
2026-08-24T17:30:00+05:30,10000.00
2026-08-24T17:45:00+05:30,10000.00
2026-08-24T18:00:00+05:30,10000.00
2026-08-24T18:15:00+05:30,10000.00
2026-08-24T18:30:00+05:30,10000.00
2026-08-24T18:45:00+05:30,10000.00
2026-08-24T19:00:00+05:30,10000.00
2026-08-24T19:15:00+05:30,10000.00
2026-08-24T19:30:00+05:30,10000.00
2026-08-24T19:45:00+05:30,10000.00
2026-08-24T20:00:00+05:30,10000.00
2026-08-24T20:15:00+05:30,10000.00
2026-08-24T20:30:00+05:30,10000.00
2026-08-24T20:45:00+05:30,10000.00
2026-08-24T21:00:00+05:30,10000.00
2026-08-24T21:15:00+05:30,10000.00
2026-08-24T21:30:00+05:30,10000.00
2026-08-24T21:45:00+05:30,10000.00
2026-08-24T22:00:00+05:30,10000.00
2026-08-24T22:15:00+05:30,10000.00
2026-08-24T22:30:00+05:30,10000.00
2026-08-24T22:45:00+05:30,10000.00
2026-08-24T23:00:00+05:30,10000.00
2026-08-24T23:15:00+05:30,10000.00
2026-08-24T23:30:00+05:30,10000.00
2026-08-24T23:45:00+05:30,10000.00
2026-08-25T00:00:00+05:30,10000.00
2026-08-25T00:15:00+05:30,10000.00
2026-08-25T00:30:00+05:30,10000.00
2026-08-25T00:45:00+05:30,10000.00
2026-08-25T01:00:00+05:30,10000.00
2026-08-25T01:15:00+05:30,10000.00
2026-08-25T01:30:00+05:30,10000.00
2026-08-25T01:45:00+05:30,10000.00
2026-08-25T02:00:00+05:30,10000.00
2026-08-25T02:15:00+05:30,10000.00
2026-08-25T02:30:00+05:30,10000.00
2026-08-25T02:45:00+05:30,8503.26
2026-08-25T03:00:00+05:30,10000.00
2026-08-25T03:15:00+05:30,7999.53
2026-08-25T03:30:00+05:30,6500.49
2026-08-25T03:45:00+05:30,6500.33
2026-08-25T04:00:00+05:30,8149.90
2026-08-25T04:15:00+05:30,10000.00
2026-08-25T04:30:00+05:30,10000.00
2026-08-25T04:45:00+05:30,10000.00
2026-08-25T05:00:00+05:30,10000.00
2026-08-25T05:15:00+05:30,10000.00
2026-08-25T05:30:00+05:30,10000.00
2026-08-25T05:45:00+05:30,10000.00
2026-08-25T06:00:00+05:30,10000.00
2026-08-25T06:15:00+05:30,10000.00
2026-08-25T06:30:00+05:30,10000.00
2026-08-25T06:45:00+05:30,10000.00
2026-08-25T07:00:00+05:30,10000.00
2026-08-25T07:15:00+05:30,10000.00
2026-08-25T07:30:00+05:30,10000.00
2026-08-25T07:45:00+05:30,8881.07
2026-08-25T08:00:00+05:30,4113.56
2026-08-25T08:15:00+05:30,3600.53
2026-08-25T08:30:00+05:30,3200.71
2026-08-25T08:45:00+05:30,3030.36
2026-08-25T09:00:00+05:30,3060.47
2026-08-25T09:15:00+05:30,3010.24
2026-08-25T09:30:00+05:30,2845.94
2026-08-25T09:45:00+05:30,2694.37
2026-08-25T10:00:00+05:30,2279.80
2026-08-25T10:15:00+05:30,2165.29
2026-08-25T10:30:00+05:30,2000.70
2026-08-25T10:45:00+05:30,1999.70
2026-08-25T11:00:00+05:30,1966.28
2026-08-25T11:15:00+05:30,1946.44
2026-08-25T11:30:00+05:30,1918.91
2026-08-25T11:45:00+05:30,1917.18
2026-08-25T12:00:00+05:30,1907.29
2026-08-25T12:15:00+05:30,1903.65
2026-08-25T12:30:00+05:30,1888.63
2026-08-25T12:45:00+05:30,1860.55
2026-08-25T13:00:00+05:30,1860.11
2026-08-25T13:15:00+05:30,1860.23
2026-08-25T13:30:00+05:30,1867.25
2026-08-25T13:45:00+05:30,1920.09
2026-08-25T14:00:00+05:30,1997.76
2026-08-25T14:15:00+05:30,2000.60
2026-08-25T14:30:00+05:30,2000.99
2026-08-25T14:45:00+05:30,2159.22
2026-08-25T15:00:00+05:30,2615.08
2026-08-25T15:15:00+05:30,2845.41
2026-08-25T15:30:00+05:30,2924.76
2026-08-25T15:45:00+05:30,3090.27
2026-08-25T16:00:00+05:30,3280.77
2026-08-25T16:15:00+05:30,3561.29
2026-08-25T16:30:00+05:30,3614.85
2026-08-25T16:45:00+05:30,4012.42
2026-08-25T17:00:00+05:30,4570.49
2026-08-25T17:15:00+05:30,4574.63
2026-08-25T17:30:00+05:30,5345.03
2026-08-25T17:45:00+05:30,5570.01
2026-08-25T18:00:00+05:30,6902.66
2026-08-25T18:15:00+05:30,10000.00
2026-08-25T18:30:00+05:30,10000.00
2026-08-25T18:45:00+05:30,10000.00
2026-08-25T19:00:00+05:30,10000.00
2026-08-25T19:15:00+05:30,10000.00
2026-08-25T19:30:00+05:30,10000.00
2026-08-25T19:45:00+05:30,10000.00
2026-08-25T20:00:00+05:30,10000.00
2026-08-25T20:15:00+05:30,10000.00
2026-08-25T20:30:00+05:30,10000.00
2026-08-25T20:45:00+05:30,10000.00
2026-08-25T21:00:00+05:30,10000.00
2026-08-25T21:15:00+05:30,10000.00
2026-08-25T21:30:00+05:30,10000.00
2026-08-25T21:45:00+05:30,10000.00
2026-08-25T22:00:00+05:30,10000.00
2026-08-25T22:15:00+05:30,10000.00
2026-08-25T22:30:00+05:30,10000.00
2026-08-25T22:45:00+05:30,10000.00
2026-08-25T23:00:00+05:30,10000.00
2026-08-25T23:15:00+05:30,10000.00
2026-08-25T23:30:00+05:30,10000.00
2026-08-25T23:45:00+05:30,10000.00
2026-08-26T00:00:00+05:30,10000.00
2026-08-26T00:15:00+05:30,10000.00
2026-08-26T00:30:00+05:30,10000.00
2026-08-26T00:45:00+05:30,10000.00
2026-08-26T01:00:00+05:30,10000.00
2026-08-26T01:15:00+05:30,10000.00
2026-08-26T01:30:00+05:30,10000.00
2026-08-26T01:45:00+05:30,10000.00
2026-08-26T02:00:00+05:30,6789.04
2026-08-26T02:15:00+05:30,6000.43
2026-08-26T02:30:00+05:30,6000.26
2026-08-26T02:45:00+05:30,5886.44
2026-08-26T03:00:00+05:30,4060.13
2026-08-26T03:15:00+05:30,3850.44
2026-08-26T03:30:00+05:30,3630.60
2026-08-26T03:45:00+05:30,3600.01
2026-08-26T04:00:00+05:30,3850.38
2026-08-26T04:15:00+05:30,4000.73
2026-08-26T04:30:00+05:30,6000.86
2026-08-26T04:45:00+05:30,7697.35
2026-08-26T05:00:00+05:30,10000.00
2026-08-26T05:15:00+05:30,10000.00
2026-08-26T05:30:00+05:30,10000.00
2026-08-26T05:45:00+05:30,10000.00
2026-08-26T06:00:00+05:30,10000.00
2026-08-26T06:15:00+05:30,10000.00
2026-08-26T06:30:00+05:30,10000.00
2026-08-26T06:45:00+05:30,10000.00
2026-08-26T07:00:00+05:30,10000.00
2026-08-26T07:15:00+05:30,10000.00
2026-08-26T07:30:00+05:30,10000.00
2026-08-26T07:45:00+05:30,5609.26
2026-08-26T08:00:00+05:30,4020.27
2026-08-26T08:15:00+05:30,4020.18
2026-08-26T08:30:00+05:30,3734.59
2026-08-26T08:45:00+05:30,3519.07
2026-08-26T09:00:00+05:30,3500.71
2026-08-26T09:15:00+05:30,3345.32
2026-08-26T09:30:00+05:30,3056.11
2026-08-26T09:45:00+05:30,2757.69
2026-08-26T10:00:00+05:30,2499.38
2026-08-26T10:15:00+05:30,2400.73
2026-08-26T10:30:00+05:30,2279.97
2026-08-26T10:45:00+05:30,2157.87
2026-08-26T11:00:00+05:30,2150.00
2026-08-26T11:15:00+05:30,2151.28
2026-08-26T11:30:00+05:30,2102.09
2026-08-26T11:45:00+05:30,2090.98
2026-08-26T12:00:00+05:30,2090.66
2026-08-26T12:15:00+05:30,2050.76
2026-08-26T12:30:00+05:30,2050.52
2026-08-26T12:45:00+05:30,1966.85
2026-08-26T13:00:00+05:30,1868.09
2026-08-26T13:15:00+05:30,1882.55
2026-08-26T13:30:00+05:30,1966.44
2026-08-26T13:45:00+05:30,2000.61
2026-08-26T14:00:00+05:30,2220.83
2026-08-26T14:15:00+05:30,2500.17
2026-08-26T14:30:00+05:30,2440.98
2026-08-26T14:45:00+05:30,2519.26
2026-08-26T15:00:00+05:30,2701.67
2026-08-26T15:15:00+05:30,2947.64
2026-08-26T15:30:00+05:30,3199.10
2026-08-26T15:45:00+05:30,3060.67
2026-08-26T16:00:00+05:30,3381.47
2026-08-26T16:15:00+05:30,3560.17
2026-08-26T16:30:00+05:30,3729.94
2026-08-26T16:45:00+05:30,4363.76
2026-08-26T17:00:00+05:30,4689.71
2026-08-26T17:15:00+05:30,4574.65
2026-08-26T17:30:00+05:30,3499.26
2026-08-26T17:45:00+05:30,3810.95
2026-08-26T18:00:00+05:30,7697.29
2026-08-26T18:15:00+05:30,10000.00
2026-08-26T18:30:00+05:30,10000.00
2026-08-26T18:45:00+05:30,10000.00
2026-08-26T19:00:00+05:30,10000.00
2026-08-26T19:15:00+05:30,10000.00
2026-08-26T19:30:00+05:30,10000.00
2026-08-26T19:45:00+05:30,10000.00
2026-08-26T20:00:00+05:30,10000.00
2026-08-26T20:15:00+05:30,10000.00
2026-08-26T20:30:00+05:30,10000.00
2026-08-26T20:45:00+05:30,10000.00
2026-08-26T21:00:00+05:30,10000.00
2026-08-26T21:15:00+05:30,10000.00
2026-08-26T21:30:00+05:30,10000.00
2026-08-26T21:45:00+05:30,10000.00
2026-08-26T22:00:00+05:30,10000.00
2026-08-26T22:15:00+05:30,10000.00
2026-08-26T22:30:00+05:30,10000.00
2026-08-26T22:45:00+05:30,10000.00
2026-08-26T23:00:00+05:30,10000.00
2026-08-26T23:15:00+05:30,10000.00
2026-08-26T23:30:00+05:30,10000.00
2026-08-26T23:45:00+05:30,10000.00
2026-08-27T00:00:00+05:30,10000.00
2026-08-27T00:15:00+05:30,10000.00
2026-08-27T00:30:00+05:30,10000.00
2026-08-27T00:45:00+05:30,10000.00
2026-08-27T01:00:00+05:30,10000.00
2026-08-27T01:15:00+05:30,10000.00
2026-08-27T01:30:00+05:30,10000.00
2026-08-27T01:45:00+05:30,10000.00
2026-08-27T02:00:00+05:30,8149.37
2026-08-27T02:15:00+05:30,7000.81
2026-08-27T02:30:00+05:30,5500.96
2026-08-27T02:45:00+05:30,5500.84
2026-08-27T03:00:00+05:30,5000.48
2026-08-27T03:15:00+05:30,4913.19
2026-08-27T03:30:00+05:30,4213.47
2026-08-27T03:45:00+05:30,4060.56
2026-08-27T04:00:00+05:30,4060.71
2026-08-27T04:15:00+05:30,4822.36
2026-08-27T04:30:00+05:30,5138.40
2026-08-27T04:45:00+05:30,10000.00
2026-08-27T05:00:00+05:30,10000.00
2026-08-27T05:15:00+05:30,10000.00
2026-08-27T05:30:00+05:30,10000.00
2026-08-27T05:45:00+05:30,10000.00
2026-08-27T06:00:00+05:30,10000.00
2026-08-27T06:15:00+05:30,10000.00
2026-08-27T06:30:00+05:30,10000.00
2026-08-27T06:45:00+05:30,10000.00
2026-08-27T07:00:00+05:30,10000.00
2026-08-27T07:15:00+05:30,10000.00
2026-08-27T07:30:00+05:30,10000.00
2026-08-27T07:45:00+05:30,10000.00
2026-08-27T08:00:00+05:30,4570.74
2026-08-27T08:15:00+05:30,4324.12
2026-08-27T08:30:00+05:30,4012.63
2026-08-27T08:45:00+05:30,3638.82
2026-08-27T09:00:00+05:30,3395.39
2026-08-27T09:15:00+05:30,3200.92
2026-08-27T09:30:00+05:30,3160.68
2026-08-27T09:45:00+05:30,2946.39
2026-08-27T10:00:00+05:30,2560.08
2026-08-27T10:15:00+05:30,2440.76
2026-08-27T10:30:00+05:30,2090.86
2026-08-27T10:45:00+05:30,2132.72
2026-08-27T11:00:00+05:30,2140.20
2026-08-27T11:15:00+05:30,2119.43
2026-08-27T11:30:00+05:30,2000.47
2026-08-27T11:45:00+05:30,1999.78
2026-08-27T12:00:00+05:30,1954.04
2026-08-27T12:15:00+05:30,1959.81
2026-08-27T12:30:00+05:30,1909.37
2026-08-27T12:45:00+05:30,1860.53
2026-08-27T13:00:00+05:30,1860.01
2026-08-27T13:15:00+05:30,1860.42
2026-08-27T13:30:00+05:30,1966.45
2026-08-27T13:45:00+05:30,2000.13
2026-08-27T14:00:00+05:30,2080.47
2026-08-27T14:15:00+05:30,2080.16
2026-08-27T14:30:00+05:30,2203.03
2026-08-27T14:45:00+05:30,2396.95
2026-08-27T15:00:00+05:30,2620.69
2026-08-27T15:15:00+05:30,2989.95
2026-08-27T15:30:00+05:30,3189.54
2026-08-27T15:45:00+05:30,3399.51
2026-08-27T16:00:00+05:30,3603.98
2026-08-27T16:15:00+05:30,3743.21
2026-08-27T16:30:00+05:30,4419.83
2026-08-27T16:45:00+05:30,5483.95
2026-08-27T17:00:00+05:30,5483.84
2026-08-27T17:15:00+05:30,6000.12
2026-08-27T17:30:00+05:30,6999.17
2026-08-27T17:45:00+05:30,9992.50
2026-08-27T18:00:00+05:30,10000.00
2026-08-27T18:15:00+05:30,10000.00
2026-08-27T18:30:00+05:30,10000.00
2026-08-27T18:45:00+05:30,10000.00
2026-08-27T19:00:00+05:30,10000.00
2026-08-27T19:15:00+05:30,10000.00
2026-08-27T19:30:00+05:30,10000.00
2026-08-27T19:45:00+05:30,10000.00
2026-08-27T20:00:00+05:30,10000.00
2026-08-27T20:15:00+05:30,10000.00
2026-08-27T20:30:00+05:30,10000.00
2026-08-27T20:45:00+05:30,10000.00
2026-08-27T21:00:00+05:30,10000.00
2026-08-27T21:15:00+05:30,10000.00
2026-08-27T21:30:00+05:30,10000.00
2026-08-27T21:45:00+05:30,10000.00
2026-08-27T22:00:00+05:30,10000.00
2026-08-27T22:15:00+05:30,10000.00
2026-08-27T22:30:00+05:30,10000.00
2026-08-27T22:45:00+05:30,10000.00
2026-08-27T23:00:00+05:30,10000.00
2026-08-27T23:15:00+05:30,10000.00
2026-08-27T23:30:00+05:30,10000.00
2026-08-27T23:45:00+05:30,10000.00
2026-08-28T00:00:00+05:30,10000.00
2026-08-28T00:15:00+05:30,10000.00
2026-08-28T00:30:00+05:30,10000.00
2026-08-28T00:45:00+05:30,10000.00
2026-08-28T01:00:00+05:30,10000.00
2026-08-28T01:15:00+05:30,10000.00
2026-08-28T01:30:00+05:30,10000.00
2026-08-28T01:45:00+05:30,10000.00
2026-08-28T02:00:00+05:30,6926.04
2026-08-28T02:15:00+05:30,5500.95
2026-08-28T02:30:00+05:30,5500.99
2026-08-28T02:45:00+05:30,5828.02
2026-08-28T03:00:00+05:30,5138.52
2026-08-28T03:15:00+05:30,4913.61
2026-08-28T03:30:00+05:30,4169.42
2026-08-28T03:45:00+05:30,4060.88
2026-08-28T04:00:00+05:30,4913.27
2026-08-28T04:15:00+05:30,4866.50
2026-08-28T04:30:00+05:30,5500.51
2026-08-28T04:45:00+05:30,10000.00
2026-08-28T05:00:00+05:30,10000.00
2026-08-28T05:15:00+05:30,10000.00
2026-08-28T05:30:00+05:30,10000.00
2026-08-28T05:45:00+05:30,10000.00
2026-08-28T06:00:00+05:30,10000.00
2026-08-28T06:15:00+05:30,10000.00
2026-08-28T06:30:00+05:30,10000.00
2026-08-28T06:45:00+05:30,10000.00
2026-08-28T07:00:00+05:30,10000.00
2026-08-28T07:15:00+05:30,10000.00
2026-08-28T07:30:00+05:30,10000.00
2026-08-28T07:45:00+05:30,9998.46
2026-08-28T08:00:00+05:30,4305.09
2026-08-28T08:15:00+05:30,4113.04
2026-08-28T08:30:00+05:30,3742.23
2026-08-28T08:45:00+05:30,3500.18
2026-08-28T09:00:00+05:30,2989.46
2026-08-28T09:15:00+05:30,2615.87
2026-08-28T09:30:00+05:30,2169.83
2026-08-28T09:45:00+05:30,2081.71
2026-08-28T10:00:00+05:30,1860.20
2026-08-28T10:15:00+05:30,1819.28
2026-08-28T10:30:00+05:30,1709.24
2026-08-28T10:45:00+05:30,1804.63
2026-08-28T11:00:00+05:30,1819.35
2026-08-28T11:15:00+05:30,1749.56
2026-08-28T11:30:00+05:30,1704.37
2026-08-28T11:45:00+05:30,1703.80
2026-08-28T12:00:00+05:30,1717.59
2026-08-28T12:15:00+05:30,1699.24
2026-08-28T12:30:00+05:30,1689.82
2026-08-28T12:45:00+05:30,1603.36
2026-08-28T13:00:00+05:30,1524.64
2026-08-28T13:15:00+05:30,1603.54
2026-08-28T13:30:00+05:30,1699.21
2026-08-28T13:45:00+05:30,1858.15
2026-08-28T14:00:00+05:30,1860.44
2026-08-28T14:15:00+05:30,1860.47
2026-08-28T14:30:00+05:30,1860.91
2026-08-28T14:45:00+05:30,1956.88
2026-08-28T15:00:00+05:30,2199.22
2026-08-28T15:15:00+05:30,2396.36
2026-08-28T15:30:00+05:30,2620.40
2026-08-28T15:45:00+05:30,3060.11
2026-08-28T16:00:00+05:30,3499.81
2026-08-28T16:15:00+05:30,3614.62
2026-08-28T16:30:00+05:30,3856.23
2026-08-28T16:45:00+05:30,4113.27
2026-08-28T17:00:00+05:30,4254.60
2026-08-28T17:15:00+05:30,4700.19
2026-08-28T17:30:00+05:30,4450.50
2026-08-28T17:45:00+05:30,4689.70
2026-08-28T18:00:00+05:30,6500.48
2026-08-28T18:15:00+05:30,10000.00
2026-08-28T18:30:00+05:30,10000.00
2026-08-28T18:45:00+05:30,10000.00
2026-08-28T19:00:00+05:30,10000.00
2026-08-28T19:15:00+05:30,10000.00
2026-08-28T19:30:00+05:30,10000.00
2026-08-28T19:45:00+05:30,10000.00
2026-08-28T20:00:00+05:30,10000.00
2026-08-28T20:15:00+05:30,10000.00
2026-08-28T20:30:00+05:30,10000.00
2026-08-28T20:45:00+05:30,10000.00
2026-08-28T21:00:00+05:30,10000.00
2026-08-28T21:15:00+05:30,10000.00
2026-08-28T21:30:00+05:30,10000.00
2026-08-28T21:45:00+05:30,10000.00
2026-08-28T22:00:00+05:30,10000.00
2026-08-28T22:15:00+05:30,10000.00
2026-08-28T22:30:00+05:30,10000.00
2026-08-28T22:45:00+05:30,10000.00
2026-08-28T23:00:00+05:30,10000.00
2026-08-28T23:15:00+05:30,10000.00
2026-08-28T23:30:00+05:30,10000.00
2026-08-28T23:45:00+05:30,10000.00
2026-08-29T00:00:00+05:30,10000.00
2026-08-29T00:15:00+05:30,10000.00
2026-08-29T00:30:00+05:30,10000.00
2026-08-29T00:45:00+05:30,10000.00
2026-08-29T01:00:00+05:30,7999.22
2026-08-29T01:15:00+05:30,7000.77
2026-08-29T01:30:00+05:30,7000.37
2026-08-29T01:45:00+05:30,6999.31
2026-08-29T02:00:00+05:30,3856.25
2026-08-29T02:15:00+05:30,3856.15
2026-08-29T02:30:00+05:30,3743.59
2026-08-29T02:45:00+05:30,3743.42
2026-08-29T03:00:00+05:30,3251.79
2026-08-29T03:15:00+05:30,3300.94
2026-08-29T03:30:00+05:30,3251.88
2026-08-29T03:45:00+05:30,3251.93
2026-08-29T04:00:00+05:30,3603.98
2026-08-29T04:15:00+05:30,3630.36
2026-08-29T04:30:00+05:30,3856.39
2026-08-29T04:45:00+05:30,4000.90
2026-08-29T05:00:00+05:30,9990.38
2026-08-29T05:15:00+05:30,10000.00
2026-08-29T05:30:00+05:30,10000.00
2026-08-29T05:45:00+05:30,10000.00
2026-08-29T06:00:00+05:30,10000.00
2026-08-29T06:15:00+05:30,10000.00
2026-08-29T06:30:00+05:30,10000.00
2026-08-29T06:45:00+05:30,10000.00
2026-08-29T07:00:00+05:30,10000.00
2026-08-29T07:15:00+05:30,10000.00
2026-08-29T07:30:00+05:30,10000.00
2026-08-29T07:45:00+05:30,4419.57
2026-08-29T08:00:00+05:30,4305.18
2026-08-29T08:15:00+05:30,3729.95
2026-08-29T08:30:00+05:30,3478.42
2026-08-29T08:45:00+05:30,3269.08
2026-08-29T09:00:00+05:30,2560.97
2026-08-29T09:15:00+05:30,2199.42
2026-08-29T09:30:00+05:30,2057.33
2026-08-29T09:45:00+05:30,1886.38
2026-08-29T10:00:00+05:30,1709.87
2026-08-29T10:15:00+05:30,1660.23
2026-08-29T10:30:00+05:30,1499.30
2026-08-29T10:45:00+05:30,1499.99
2026-08-29T11:00:00+05:30,1400.35
2026-08-29T11:15:00+05:30,1400.05
2026-08-29T11:30:00+05:30,1111.97
2026-08-29T11:45:00+05:30,1111.87
2026-08-29T12:00:00+05:30,1111.83
2026-08-29T12:15:00+05:30,1111.81
2026-08-29T12:30:00+05:30,1111.70
2026-08-29T12:45:00+05:30,1111.52
2026-08-29T13:00:00+05:30,1111.41
2026-08-29T13:15:00+05:30,1111.42
2026-08-29T13:30:00+05:30,1111.50
2026-08-29T13:45:00+05:30,1111.85
2026-08-29T14:00:00+05:30,1400.82
2026-08-29T14:15:00+05:30,1699.06
2026-08-29T14:30:00+05:30,1860.16
2026-08-29T14:45:00+05:30,1860.84
2026-08-29T15:00:00+05:30,2153.59
2026-08-29T15:15:00+05:30,2203.39
2026-08-29T15:30:00+05:30,2400.29
2026-08-29T15:45:00+05:30,2800.30
2026-08-29T16:00:00+05:30,3285.59
2026-08-29T16:15:00+05:30,3499.54
2026-08-29T16:30:00+05:30,3720.35
2026-08-29T16:45:00+05:30,4012.35
2026-08-29T17:00:00+05:30,5138.77
2026-08-29T17:15:00+05:30,5138.42
2026-08-29T17:30:00+05:30,6500.01
2026-08-29T17:45:00+05:30,6902.95
2026-08-29T18:00:00+05:30,6999.77
2026-08-29T18:15:00+05:30,10000.00
2026-08-29T18:30:00+05:30,10000.00
2026-08-29T18:45:00+05:30,10000.00
2026-08-29T19:00:00+05:30,10000.00
2026-08-29T19:15:00+05:30,10000.00
2026-08-29T19:30:00+05:30,10000.00
2026-08-29T19:45:00+05:30,10000.00
2026-08-29T20:00:00+05:30,10000.00
2026-08-29T20:15:00+05:30,10000.00
2026-08-29T20:30:00+05:30,10000.00
2026-08-29T20:45:00+05:30,10000.00
2026-08-29T21:00:00+05:30,10000.00
2026-08-29T21:15:00+05:30,10000.00
2026-08-29T21:30:00+05:30,10000.00
2026-08-29T21:45:00+05:30,10000.00
2026-08-29T22:00:00+05:30,10000.00
2026-08-29T22:15:00+05:30,10000.00
2026-08-29T22:30:00+05:30,10000.00
2026-08-29T22:45:00+05:30,10000.00
2026-08-29T23:00:00+05:30,10000.00
2026-08-29T23:15:00+05:30,10000.00
2026-08-29T23:30:00+05:30,10000.00
2026-08-29T23:45:00+05:30,10000.00
2026-08-30T00:00:00+05:30,4169.06
2026-08-30T00:15:00+05:30,4041.26
2026-08-30T00:30:00+05:30,4000.02
2026-08-30T00:45:00+05:30,3856.98
2026-08-30T01:00:00+05:30,3856.94
2026-08-30T01:15:00+05:30,3856.10
2026-08-30T01:30:00+05:30,3743.93
2026-08-30T01:45:00+05:30,3743.29
2026-08-30T02:00:00+05:30,3299.01
2026-08-30T02:15:00+05:30,3000.87
2026-08-30T02:30:00+05:30,2999.18
2026-08-30T02:45:00+05:30,2899.92
2026-08-30T03:00:00+05:30,2845.80
2026-08-30T03:15:00+05:30,2842.94
2026-08-30T03:30:00+05:30,2760.89
2026-08-30T03:45:00+05:30,2760.98
2026-08-30T04:00:00+05:30,2899.32
2026-08-30T04:15:00+05:30,2899.28
2026-08-30T04:30:00+05:30,2946.58
2026-08-30T04:45:00+05:30,3000.84
2026-08-30T05:00:00+05:30,3325.85
2026-08-30T05:15:00+05:30,3741.72
2026-08-30T05:30:00+05:30,4069.02
2026-08-30T05:45:00+05:30,4949.64
2026-08-30T06:00:00+05:30,6407.49
2026-08-30T06:15:00+05:30,7749.17
2026-08-30T06:30:00+05:30,6799.40
2026-08-30T06:45:00+05:30,5138.55
2026-08-30T07:00:00+05:30,4689.68
2026-08-30T07:15:00+05:30,4100.72
2026-08-30T07:30:00+05:30,3856.36
2026-08-30T07:45:00+05:30,3210.23
2026-08-30T08:00:00+05:30,2380.39
2026-08-30T08:15:00+05:30,2034.07
2026-08-30T08:30:00+05:30,1966.91
2026-08-30T08:45:00+05:30,1860.61
2026-08-30T09:00:00+05:30,1772.67
2026-08-30T09:15:00+05:30,1669.08
2026-08-30T09:30:00+05:30,1510.15
2026-08-30T09:45:00+05:30,1335.40
2026-08-30T10:00:00+05:30,1000.24
2026-08-30T10:15:00+05:30,867.85
2026-08-30T10:30:00+05:30,398.22
2026-08-30T10:45:00+05:30,398.21
2026-08-30T11:00:00+05:30,398.64
2026-08-30T11:15:00+05:30,398.45
2026-08-30T11:30:00+05:30,398.50
2026-08-30T11:45:00+05:30,398.33
2026-08-30T12:00:00+05:30,318.45
2026-08-30T12:15:00+05:30,300.97
2026-08-30T12:30:00+05:30,300.95
2026-08-30T12:45:00+05:30,300.96
2026-08-30T13:00:00+05:30,300.84
2026-08-30T13:15:00+05:30,300.83
2026-08-30T13:30:00+05:30,300.93
2026-08-30T13:45:00+05:30,398.41
2026-08-30T14:00:00+05:30,450.05
2026-08-30T14:15:00+05:30,999.84
2026-08-30T14:30:00+05:30,1111.11
2026-08-30T14:45:00+05:30,1111.49
2026-08-30T15:00:00+05:30,1400.75
2026-08-30T15:15:00+05:30,1699.46
2026-08-30T15:30:00+05:30,1860.00
2026-08-30T15:45:00+05:30,1860.87
2026-08-30T16:00:00+05:30,2000.25
2026-08-30T16:15:00+05:30,2080.62
2026-08-30T16:30:00+05:30,2080.37
2026-08-30T16:45:00+05:30,2220.37
2026-08-30T17:00:00+05:30,2000.72
2026-08-30T17:15:00+05:30,2000.89
2026-08-30T17:30:00+05:30,2380.54
2026-08-30T17:45:00+05:30,2560.72
2026-08-30T18:00:00+05:30,2602.69
2026-08-30T18:15:00+05:30,2620.35
2026-08-30T18:30:00+05:30,2970.93
2026-08-30T18:45:00+05:30,3500.33
2026-08-30T19:00:00+05:30,4370.53
2026-08-30T19:15:00+05:30,5000.85
2026-08-30T19:30:00+05:30,5170.33
2026-08-30T19:45:00+05:30,5138.38
2026-08-30T20:00:00+05:30,5138.97
2026-08-30T20:15:00+05:30,5138.62
2026-08-30T20:30:00+05:30,5450.97
2026-08-30T20:45:00+05:30,6000.50
2026-08-30T21:00:00+05:30,6520.88
2026-08-30T21:15:00+05:30,6999.13
2026-08-30T21:30:00+05:30,6999.00
2026-08-30T21:45:00+05:30,6200.40
2026-08-30T22:00:00+05:30,5999.83
2026-08-30T22:15:00+05:30,6200.84
2026-08-30T22:30:00+05:30,5500.94
2026-08-30T22:45:00+05:30,6999.48
2026-08-30T23:00:00+05:30,5000.27
2026-08-30T23:15:00+05:30,4850.60
2026-08-30T23:30:00+05:30,4000.16
2026-08-30T23:45:00+05:30,3856.26
2026-08-31T00:00:00+05:30,6999.46
2026-08-31T00:15:00+05:30,5509.64
2026-08-31T00:30:00+05:30,5450.03
2026-08-31T00:45:00+05:30,5500.98
2026-08-31T01:00:00+05:30,4500.00
2026-08-31T01:15:00+05:30,3856.70
2026-08-31T01:30:00+05:30,3743.86
2026-08-31T01:45:00+05:30,3743.28
2026-08-31T02:00:00+05:30,3189.66
2026-08-31T02:15:00+05:30,3050.32
2026-08-31T02:30:00+05:30,3325.80
2026-08-31T02:45:00+05:30,3630.86
2026-08-31T03:00:00+05:30,3499.24
2026-08-31T03:15:00+05:30,3070.85
2026-08-31T03:30:00+05:30,2999.84
2026-08-31T03:45:00+05:30,2999.51
2026-08-31T04:00:00+05:30,3070.46
2026-08-31T04:15:00+05:30,3000.42
2026-08-31T04:30:00+05:30,2999.91
2026-08-31T04:45:00+05:30,3311.92
2026-08-31T05:00:00+05:30,3856.71
2026-08-31T05:15:00+05:30,7000.52
2026-08-31T05:30:00+05:30,9990.77
2026-08-31T05:45:00+05:30,10000.00
2026-08-31T06:00:00+05:30,10000.00
2026-08-31T06:15:00+05:30,10000.00
2026-08-31T06:30:00+05:30,10000.00
2026-08-31T06:45:00+05:30,10000.00
2026-08-31T07:00:00+05:30,10000.00
2026-08-31T07:15:00+05:30,7749.55
2026-08-31T07:30:00+05:30,5540.73
2026-08-31T07:45:00+05:30,4592.31
2026-08-31T08:00:00+05:30,4028.54
2026-08-31T08:15:00+05:30,3980.82
2026-08-31T08:30:00+05:30,3539.48
2026-08-31T08:45:00+05:30,3499.11
2026-08-31T09:00:00+05:30,3398.09
2026-08-31T09:15:00+05:30,2845.94
2026-08-31T09:30:00+05:30,2433.77
2026-08-31T09:45:00+05:30,2046.86
2026-08-31T10:00:00+05:30,1936.39
2026-08-31T10:15:00+05:30,1894.90
2026-08-31T10:30:00+05:30,1850.88
2026-08-31T10:45:00+05:30,1850.33
2026-08-31T11:00:00+05:30,1850.12
2026-08-31T11:15:00+05:30,1820.78
2026-08-31T11:30:00+05:30,1768.71
2026-08-31T11:45:00+05:30,1779.11
2026-08-31T12:00:00+05:30,1699.89
2026-08-31T12:15:00+05:30,1699.54
2026-08-31T12:30:00+05:30,1694.85
2026-08-31T12:45:00+05:30,1605.53
2026-08-31T13:00:00+05:30,1563.44
2026-08-31T13:15:00+05:30,1699.20
2026-08-31T13:30:00+05:30,1750.52
2026-08-31T13:45:00+05:30,1826.58
2026-08-31T14:00:00+05:30,1850.21
2026-08-31T14:15:00+05:30,1850.96
2026-08-31T14:30:00+05:30,1905.48
2026-08-31T14:45:00+05:30,1966.71
2026-08-31T15:00:00+05:30,2250.32
2026-08-31T15:15:00+05:30,2519.56
2026-08-31T15:30:00+05:30,3160.88
2026-08-31T15:45:00+05:30,3398.28
2026-08-31T16:00:00+05:30,3561.52
2026-08-31T16:15:00+05:30,3614.78
2026-08-31T16:30:00+05:30,3743.44
2026-08-31T16:45:00+05:30,4020.21
2026-08-31T17:00:00+05:30,4000.94
2026-08-31T17:15:00+05:30,4020.67
2026-08-31T17:30:00+05:30,4167.45
2026-08-31T17:45:00+05:30,4167.89
2026-08-31T18:00:00+05:30,6700.85
2026-08-31T18:15:00+05:30,10000.00
2026-08-31T18:30:00+05:30,10000.00
2026-08-31T18:45:00+05:30,10000.00
2026-08-31T19:00:00+05:30,10000.00
2026-08-31T19:15:00+05:30,10000.00
2026-08-31T19:30:00+05:30,10000.00
2026-08-31T19:45:00+05:30,10000.00
2026-08-31T20:00:00+05:30,10000.00
2026-08-31T20:15:00+05:30,10000.00
2026-08-31T20:30:00+05:30,10000.00
2026-08-31T20:45:00+05:30,10000.00
2026-08-31T21:00:00+05:30,10000.00
2026-08-31T21:15:00+05:30,10000.00
2026-08-31T21:30:00+05:30,10000.00
2026-08-31T21:45:00+05:30,10000.00
2026-08-31T22:00:00+05:30,10000.00
2026-08-31T22:15:00+05:30,10000.00
2026-08-31T22:30:00+05:30,10000.00
2026-08-31T22:45:00+05:30,10000.00
2026-08-31T23:00:00+05:30,10000.00
2026-08-31T23:15:00+05:30,10000.00
2026-08-31T23:30:00+05:30,10000.00
2026-08-31T23:45:00+05:30,10000.00
2026-09-01T00:00:00+05:30,10000.00
2026-09-01T00:15:00+05:30,10000.00
2026-09-01T00:30:00+05:30,10000.00
2026-09-01T00:45:00+05:30,10000.00
2026-09-01T01:00:00+05:30,10000.00
2026-09-01T01:15:00+05:30,10000.00
2026-09-01T01:30:00+05:30,8000.48
2026-09-01T01:45:00+05:30,8000.08
2026-09-01T02:00:00+05:30,4400.66
2026-09-01T02:15:00+05:30,4169.01
2026-09-01T02:30:00+05:30,4203.77
2026-09-01T02:45:00+05:30,4499.52
2026-09-01T03:00:00+05:30,4060.51
2026-09-01T03:15:00+05:30,4000.19
2026-09-01T03:30:00+05:30,3995.05
2026-09-01T03:45:00+05:30,3899.43
2026-09-01T04:00:00+05:30,4000.45
2026-09-01T04:15:00+05:30,4169.67
2026-09-01T04:30:00+05:30,5000.22
2026-09-01T04:45:00+05:30,5431.86
2026-09-01T05:00:00+05:30,10000.00
2026-09-01T05:15:00+05:30,10000.00
2026-09-01T05:30:00+05:30,10000.00
2026-09-01T05:45:00+05:30,10000.00
2026-09-01T06:00:00+05:30,10000.00
2026-09-01T06:15:00+05:30,10000.00
2026-09-01T06:30:00+05:30,10000.00
2026-09-01T06:45:00+05:30,10000.00
2026-09-01T07:00:00+05:30,10000.00
2026-09-01T07:15:00+05:30,10000.00
2026-09-01T07:30:00+05:30,8363.83
2026-09-01T07:45:00+05:30,5909.70
2026-09-01T08:00:00+05:30,3438.77
2026-09-01T08:15:00+05:30,3320.48
2026-09-01T08:30:00+05:30,3249.55
2026-09-01T08:45:00+05:30,3000.21
2026-09-01T09:00:00+05:30,2760.43
2026-09-01T09:15:00+05:30,2560.74
2026-09-01T09:30:00+05:30,2159.13
2026-09-01T09:45:00+05:30,2000.59
2026-09-01T10:00:00+05:30,1860.11
2026-09-01T10:15:00+05:30,1706.39
2026-09-01T10:30:00+05:30,1619.21
2026-09-01T10:45:00+05:30,1699.18
2026-09-01T11:00:00+05:30,1699.37
2026-09-01T11:15:00+05:30,1619.75
2026-09-01T11:30:00+05:30,1301.30
2026-09-01T11:45:00+05:30,1299.65
2026-09-01T12:00:00+05:30,1217.45
2026-09-01T12:15:00+05:30,1235.38
2026-09-01T12:30:00+05:30,1220.62
2026-09-01T12:45:00+05:30,1175.47
2026-09-01T13:00:00+05:30,1111.90
2026-09-01T13:15:00+05:30,1111.97
2026-09-01T13:30:00+05:30,1263.08
2026-09-01T13:45:00+05:30,1367.72
2026-09-01T14:00:00+05:30,1499.92
2026-09-01T14:15:00+05:30,1563.86
2026-09-01T14:30:00+05:30,1860.01
2026-09-01T14:45:00+05:30,1860.75
2026-09-01T15:00:00+05:30,2000.89
2026-09-01T15:15:00+05:30,2159.41
2026-09-01T15:30:00+05:30,2449.87
2026-09-01T15:45:00+05:30,2682.10
2026-09-01T16:00:00+05:30,3231.85
2026-09-01T16:15:00+05:30,3411.02
2026-09-01T16:30:00+05:30,3599.18
2026-09-01T16:45:00+05:30,3856.89
2026-09-01T17:00:00+05:30,3997.61
2026-09-01T17:15:00+05:30,3997.65
2026-09-01T17:30:00+05:30,4167.82
2026-09-01T17:45:00+05:30,4499.66
2026-09-01T18:00:00+05:30,8250.17
2026-09-01T18:15:00+05:30,10000.00
2026-09-01T18:30:00+05:30,10000.00
2026-09-01T18:45:00+05:30,10000.00
2026-09-01T19:00:00+05:30,10000.00
2026-09-01T19:15:00+05:30,10000.00
2026-09-01T19:30:00+05:30,10000.00
2026-09-01T19:45:00+05:30,10000.00
2026-09-01T20:00:00+05:30,10000.00
2026-09-01T20:15:00+05:30,10000.00
2026-09-01T20:30:00+05:30,10000.00
2026-09-01T20:45:00+05:30,10000.00
2026-09-01T21:00:00+05:30,10000.00
2026-09-01T21:15:00+05:30,10000.00
2026-09-01T21:30:00+05:30,10000.00
2026-09-01T21:45:00+05:30,10000.00
2026-09-01T22:00:00+05:30,10000.00
2026-09-01T22:15:00+05:30,10000.00
2026-09-01T22:30:00+05:30,10000.00
2026-09-01T22:45:00+05:30,10000.00
2026-09-01T23:00:00+05:30,10000.00
2026-09-01T23:15:00+05:30,10000.00
2026-09-01T23:30:00+05:30,10000.00
2026-09-01T23:45:00+05:30,10000.00
2026-09-02T00:00:00+05:30,10000.00
2026-09-02T00:15:00+05:30,10000.00
2026-09-02T00:30:00+05:30,10000.00
2026-09-02T00:45:00+05:30,10000.00
2026-09-02T01:00:00+05:30,10000.00
2026-09-02T01:15:00+05:30,10000.00
2026-09-02T01:30:00+05:30,10000.00
2026-09-02T01:45:00+05:30,10000.00
2026-09-02T02:00:00+05:30,10000.00
2026-09-02T02:15:00+05:30,10000.00
2026-09-02T02:30:00+05:30,10000.00
2026-09-02T02:45:00+05:30,10000.00
2026-09-02T03:00:00+05:30,10000.00
2026-09-02T03:15:00+05:30,8500.16
2026-09-02T03:30:00+05:30,7500.99
2026-09-02T03:45:00+05:30,8149.25
2026-09-02T04:00:00+05:30,10000.00
2026-09-02T04:15:00+05:30,9990.85
2026-09-02T04:30:00+05:30,10000.00
2026-09-02T04:45:00+05:30,10000.00
2026-09-02T05:00:00+05:30,10000.00
2026-09-02T05:15:00+05:30,10000.00
2026-09-02T05:30:00+05:30,10000.00
2026-09-02T05:45:00+05:30,10000.00
2026-09-02T06:00:00+05:30,10000.00
2026-09-02T06:15:00+05:30,10000.00
2026-09-02T06:30:00+05:30,10000.00
2026-09-02T06:45:00+05:30,10000.00
2026-09-02T07:00:00+05:30,10000.00
2026-09-02T07:15:00+05:30,10000.00
2026-09-02T07:30:00+05:30,10000.00
2026-09-02T07:45:00+05:30,10000.00
2026-09-02T08:00:00+05:30,8735.27
2026-09-02T08:15:00+05:30,6500.15
2026-09-02T08:30:00+05:30,5059.94
2026-09-02T08:45:00+05:30,4300.36
2026-09-02T09:00:00+05:30,4020.36
2026-09-02T09:15:00+05:30,3741.17
2026-09-02T09:30:00+05:30,3500.45
2026-09-02T09:45:00+05:30,3200.87
2026-09-02T10:00:00+05:30,2520.26
2026-09-02T10:15:00+05:30,2450.35
2026-09-02T10:30:00+05:30,2169.27
2026-09-02T10:45:00+05:30,2089.69
2026-09-02T11:00:00+05:30,1966.40
2026-09-02T11:15:00+05:30,1960.64
2026-09-02T11:30:00+05:30,1960.70
2026-09-02T11:45:00+05:30,1960.98
2026-09-02T12:00:00+05:30,1960.46
2026-09-02T12:15:00+05:30,1960.99
2026-09-02T12:30:00+05:30,1892.44
2026-09-02T12:45:00+05:30,1901.78
2026-09-02T13:00:00+05:30,1799.52
2026-09-02T13:15:00+05:30,1799.85
2026-09-02T13:30:00+05:30,1870.15
2026-09-02T13:45:00+05:30,1960.03
2026-09-02T14:00:00+05:30,1960.95
2026-09-02T14:15:00+05:30,2145.24
2026-09-02T14:30:00+05:30,2170.89
2026-09-02T14:45:00+05:30,2279.01
2026-09-02T15:00:00+05:30,2520.43
2026-09-02T15:15:00+05:30,2707.86
2026-09-02T15:30:00+05:30,3045.31
2026-09-02T15:45:00+05:30,3561.62
2026-09-02T16:00:00+05:30,4020.46
2026-09-02T16:15:00+05:30,4320.60
2026-09-02T16:30:00+05:30,5083.97
2026-09-02T16:45:00+05:30,5250.46
2026-09-02T17:00:00+05:30,5612.62
2026-09-02T17:15:00+05:30,6000.87
2026-09-02T17:30:00+05:30,10000.00
2026-09-02T17:45:00+05:30,10000.00
2026-09-02T18:00:00+05:30,10000.00
2026-09-02T18:15:00+05:30,10000.00
2026-09-02T18:30:00+05:30,10000.00
2026-09-02T18:45:00+05:30,10000.00
2026-09-02T19:00:00+05:30,10000.00
2026-09-02T19:15:00+05:30,10000.00
2026-09-02T19:30:00+05:30,10000.00
2026-09-02T19:45:00+05:30,10000.00
2026-09-02T20:00:00+05:30,10000.00
2026-09-02T20:15:00+05:30,10000.00
2026-09-02T20:30:00+05:30,10000.00
2026-09-02T20:45:00+05:30,10000.00
2026-09-02T21:00:00+05:30,10000.00
2026-09-02T21:15:00+05:30,10000.00
2026-09-02T21:30:00+05:30,10000.00
2026-09-02T21:45:00+05:30,10000.00
2026-09-02T22:00:00+05:30,10000.00
2026-09-02T22:15:00+05:30,10000.00
2026-09-02T22:30:00+05:30,10000.00
2026-09-02T22:45:00+05:30,10000.00
2026-09-02T23:00:00+05:30,10000.00
2026-09-02T23:15:00+05:30,10000.00
2026-09-02T23:30:00+05:30,10000.00
2026-09-02T23:45:00+05:30,10000.00
2026-09-03T00:00:00+05:30,10000.00
2026-09-03T00:15:00+05:30,10000.00
2026-09-03T00:30:00+05:30,10000.00
2026-09-03T00:45:00+05:30,10000.00
2026-09-03T01:00:00+05:30,10000.00
2026-09-03T01:15:00+05:30,10000.00
2026-09-03T01:30:00+05:30,10000.00
2026-09-03T01:45:00+05:30,10000.00
2026-09-03T02:00:00+05:30,10000.00
2026-09-03T02:15:00+05:30,10000.00
2026-09-03T02:30:00+05:30,10000.00
2026-09-03T02:45:00+05:30,10000.00
2026-09-03T03:00:00+05:30,10000.00
2026-09-03T03:15:00+05:30,10000.00
2026-09-03T03:30:00+05:30,10000.00
2026-09-03T03:45:00+05:30,10000.00
2026-09-03T04:00:00+05:30,10000.00
2026-09-03T04:15:00+05:30,10000.00
2026-09-03T04:30:00+05:30,10000.00
2026-09-03T04:45:00+05:30,10000.00
2026-09-03T05:00:00+05:30,10000.00
2026-09-03T05:15:00+05:30,10000.00
2026-09-03T05:30:00+05:30,10000.00
2026-09-03T05:45:00+05:30,10000.00
2026-09-03T06:00:00+05:30,10000.00
2026-09-03T06:15:00+05:30,10000.00
2026-09-03T06:30:00+05:30,10000.00
2026-09-03T06:45:00+05:30,10000.00
2026-09-03T07:00:00+05:30,10000.00
2026-09-03T07:15:00+05:30,10000.00
2026-09-03T07:30:00+05:30,10000.00
2026-09-03T07:45:00+05:30,10000.00
2026-09-03T08:00:00+05:30,10000.00
2026-09-03T08:15:00+05:30,8000.91
2026-09-03T08:30:00+05:30,6902.04
2026-09-03T08:45:00+05:30,4913.49
2026-09-03T09:00:00+05:30,4118.24
2026-09-03T09:15:00+05:30,3711.68
2026-09-03T09:30:00+05:30,3289.33
2026-09-03T09:45:00+05:30,3067.04
2026-09-03T10:00:00+05:30,2514.21
2026-09-03T10:15:00+05:30,2279.31
2026-09-03T10:30:00+05:30,2230.70
2026-09-03T10:45:00+05:30,2199.19
2026-09-03T11:00:00+05:30,2163.78
2026-09-03T11:15:00+05:30,2159.01
2026-09-03T11:30:00+05:30,2100.54
2026-09-03T11:45:00+05:30,2074.61
2026-09-03T12:00:00+05:30,1990.92
2026-09-03T12:15:00+05:30,1966.94
2026-09-03T12:30:00+05:30,1960.27
2026-09-03T12:45:00+05:30,1940.71
2026-09-03T13:00:00+05:30,1870.07
2026-09-03T13:15:00+05:30,1884.78
2026-09-03T13:30:00+05:30,1960.29
2026-09-03T13:45:00+05:30,1966.68
2026-09-03T14:00:00+05:30,2157.52
2026-09-03T14:15:00+05:30,2199.99
2026-09-03T14:30:00+05:30,2545.31
2026-09-03T14:45:00+05:30,2709.04
2026-09-03T15:00:00+05:30,3257.25
2026-09-03T15:15:00+05:30,3474.85
2026-09-03T15:30:00+05:30,3499.99
2026-09-03T15:45:00+05:30,3614.21
2026-09-03T16:00:00+05:30,4116.14
2026-09-03T16:15:00+05:30,4363.51
2026-09-03T16:30:00+05:30,5483.65
2026-09-03T16:45:00+05:30,5570.78
2026-09-03T17:00:00+05:30,10000.00
2026-09-03T17:15:00+05:30,10000.00
2026-09-03T17:30:00+05:30,10000.00
2026-09-03T17:45:00+05:30,10000.00
2026-09-03T18:00:00+05:30,10000.00
2026-09-03T18:15:00+05:30,10000.00
2026-09-03T18:30:00+05:30,10000.00
2026-09-03T18:45:00+05:30,10000.00
2026-09-03T19:00:00+05:30,10000.00
2026-09-03T19:15:00+05:30,10000.00
2026-09-03T19:30:00+05:30,10000.00
2026-09-03T19:45:00+05:30,10000.00
2026-09-03T20:00:00+05:30,10000.00
2026-09-03T20:15:00+05:30,10000.00
2026-09-03T20:30:00+05:30,10000.00
2026-09-03T20:45:00+05:30,10000.00
2026-09-03T21:00:00+05:30,10000.00
2026-09-03T21:15:00+05:30,10000.00
2026-09-03T21:30:00+05:30,10000.00
2026-09-03T21:45:00+05:30,10000.00
2026-09-03T22:00:00+05:30,10000.00
2026-09-03T22:15:00+05:30,10000.00
2026-09-03T22:30:00+05:30,10000.00
2026-09-03T22:45:00+05:30,10000.00
2026-09-03T23:00:00+05:30,10000.00
2026-09-03T23:15:00+05:30,10000.00
2026-09-03T23:30:00+05:30,10000.00
2026-09-03T23:45:00+05:30,10000.00
2026-09-04T00:00:00+05:30,10000.00
2026-09-04T00:15:00+05:30,10000.00
2026-09-04T00:30:00+05:30,10000.00
2026-09-04T00:45:00+05:30,10000.00
2026-09-04T01:00:00+05:30,10000.00
2026-09-04T01:15:00+05:30,10000.00
2026-09-04T01:30:00+05:30,10000.00
2026-09-04T01:45:00+05:30,10000.00
2026-09-04T02:00:00+05:30,10000.00
2026-09-04T02:15:00+05:30,10000.00
2026-09-04T02:30:00+05:30,10000.00
2026-09-04T02:45:00+05:30,10000.00
2026-09-04T03:00:00+05:30,10000.00
2026-09-04T03:15:00+05:30,10000.00
2026-09-04T03:30:00+05:30,10000.00
2026-09-04T03:45:00+05:30,10000.00
2026-09-04T04:00:00+05:30,10000.00
2026-09-04T04:15:00+05:30,10000.00
2026-09-04T04:30:00+05:30,10000.00
2026-09-04T04:45:00+05:30,10000.00
2026-09-04T05:00:00+05:30,10000.00
2026-09-04T05:15:00+05:30,10000.00
2026-09-04T05:30:00+05:30,10000.00
2026-09-04T05:45:00+05:30,10000.00
2026-09-04T06:00:00+05:30,10000.00
2026-09-04T06:15:00+05:30,10000.00
2026-09-04T06:30:00+05:30,10000.00
2026-09-04T06:45:00+05:30,10000.00
2026-09-04T07:00:00+05:30,10000.00
2026-09-04T07:15:00+05:30,10000.00
2026-09-04T07:30:00+05:30,10000.00
2026-09-04T07:45:00+05:30,10000.00
2026-09-04T08:00:00+05:30,10000.00
2026-09-04T08:15:00+05:30,10000.00
2026-09-04T08:30:00+05:30,4363.84
2026-09-04T08:45:00+05:30,4012.12
2026-09-04T09:00:00+05:30,3311.22
2026-09-04T09:15:00+05:30,2999.63
2026-09-04T09:30:00+05:30,2670.35
2026-09-04T09:45:00+05:30,2660.53
2026-09-04T10:00:00+05:30,2449.38
2026-09-04T10:15:00+05:30,2279.34
2026-09-04T10:30:00+05:30,2093.41
2026-09-04T10:45:00+05:30,2093.78
2026-09-04T11:00:00+05:30,1966.48
2026-09-04T11:15:00+05:30,1966.36
2026-09-04T11:30:00+05:30,1966.44
2026-09-04T11:45:00+05:30,1960.94
2026-09-04T12:00:00+05:30,1916.36
2026-09-04T12:15:00+05:30,1897.46
2026-09-04T12:30:00+05:30,1700.78
2026-09-04T12:45:00+05:30,1700.60
2026-09-04T13:00:00+05:30,1700.02
2026-09-04T13:15:00+05:30,1699.98
2026-09-04T13:30:00+05:30,1700.23
2026-09-04T13:45:00+05:30,1700.39
2026-09-04T14:00:00+05:30,1750.52
2026-09-04T14:15:00+05:30,1960.20
2026-09-04T14:30:00+05:30,2158.99
2026-09-04T14:45:00+05:30,2341.00
2026-09-04T15:00:00+05:30,2670.77
2026-09-04T15:15:00+05:30,2870.68
2026-09-04T15:30:00+05:30,3160.41
2026-09-04T15:45:00+05:30,3301.07
2026-09-04T16:00:00+05:30,3499.43
2026-09-04T16:15:00+05:30,3973.85
2026-09-04T16:30:00+05:30,4020.23
2026-09-04T16:45:00+05:30,4167.08
2026-09-04T17:00:00+05:30,6500.54
2026-09-04T17:15:00+05:30,9999.08
2026-09-04T17:30:00+05:30,10000.00
2026-09-04T17:45:00+05:30,10000.00
2026-09-04T18:00:00+05:30,10000.00
2026-09-04T18:15:00+05:30,10000.00
2026-09-04T18:30:00+05:30,10000.00
2026-09-04T18:45:00+05:30,10000.00
2026-09-04T19:00:00+05:30,10000.00
2026-09-04T19:15:00+05:30,10000.00
2026-09-04T19:30:00+05:30,10000.00
2026-09-04T19:45:00+05:30,10000.00
2026-09-04T20:00:00+05:30,10000.00
2026-09-04T20:15:00+05:30,10000.00
2026-09-04T20:30:00+05:30,10000.00
2026-09-04T20:45:00+05:30,10000.00
2026-09-04T21:00:00+05:30,10000.00
2026-09-04T21:15:00+05:30,10000.00
2026-09-04T21:30:00+05:30,10000.00
2026-09-04T21:45:00+05:30,10000.00
2026-09-04T22:00:00+05:30,10000.00
2026-09-04T22:15:00+05:30,10000.00
2026-09-04T22:30:00+05:30,10000.00
2026-09-04T22:45:00+05:30,10000.00
2026-09-04T23:00:00+05:30,10000.00
2026-09-04T23:15:00+05:30,10000.00
2026-09-04T23:30:00+05:30,10000.00
2026-09-04T23:45:00+05:30,10000.00
2026-09-05T00:00:00+05:30,10000.00
2026-09-05T00:15:00+05:30,10000.00
2026-09-05T00:30:00+05:30,10000.00
2026-09-05T00:45:00+05:30,10000.00
2026-09-05T01:00:00+05:30,10000.00
2026-09-05T01:15:00+05:30,10000.00
2026-09-05T01:30:00+05:30,10000.00
2026-09-05T01:45:00+05:30,10000.00
2026-09-05T02:00:00+05:30,10000.00
2026-09-05T02:15:00+05:30,10000.00
2026-09-05T02:30:00+05:30,10000.00
2026-09-05T02:45:00+05:30,10000.00
2026-09-05T03:00:00+05:30,10000.00
2026-09-05T03:15:00+05:30,10000.00
2026-09-05T03:30:00+05:30,10000.00
2026-09-05T03:45:00+05:30,10000.00
2026-09-05T04:00:00+05:30,10000.00
2026-09-05T04:15:00+05:30,10000.00
2026-09-05T04:30:00+05:30,10000.00
2026-09-05T04:45:00+05:30,10000.00
2026-09-05T05:00:00+05:30,10000.00
2026-09-05T05:15:00+05:30,10000.00
2026-09-05T05:30:00+05:30,10000.00
2026-09-05T05:45:00+05:30,10000.00
2026-09-05T06:00:00+05:30,10000.00
2026-09-05T06:15:00+05:30,10000.00
2026-09-05T06:30:00+05:30,10000.00
2026-09-05T06:45:00+05:30,10000.00
2026-09-05T07:00:00+05:30,10000.00
2026-09-05T07:15:00+05:30,10000.00
2026-09-05T07:30:00+05:30,10000.00
2026-09-05T07:45:00+05:30,10000.00
2026-09-05T08:00:00+05:30,10000.00
2026-09-05T08:15:00+05:30,10000.00
2026-09-05T08:30:00+05:30,10000.00
2026-09-05T08:45:00+05:30,10000.00
2026-09-05T09:00:00+05:30,5570.61
2026-09-05T09:15:00+05:30,5400.26
2026-09-05T09:30:00+05:30,3987.67
2026-09-05T09:45:00+05:30,3966.21
2026-09-05T10:00:00+05:30,3528.36
2026-09-05T10:15:00+05:30,3407.69
2026-09-05T10:30:00+05:30,3369.87
2026-09-05T10:45:00+05:30,3295.65
2026-09-05T11:00:00+05:30,3050.35
2026-09-05T11:15:00+05:30,2999.28
2026-09-05T11:30:00+05:30,2899.69
2026-09-05T11:45:00+05:30,2849.69
2026-09-05T12:00:00+05:30,2744.17
2026-09-05T12:15:00+05:30,2712.75
2026-09-05T12:30:00+05:30,2706.54
2026-09-05T12:45:00+05:30,2728.08
2026-09-05T13:00:00+05:30,2722.58
2026-09-05T13:15:00+05:30,2747.28
2026-09-05T13:30:00+05:30,2849.63
2026-09-05T13:45:00+05:30,2899.55
2026-09-05T14:00:00+05:30,3250.78
2026-09-05T14:15:00+05:30,3329.00
2026-09-05T14:30:00+05:30,3465.64
2026-09-05T14:45:00+05:30,3545.05
2026-09-05T15:00:00+05:30,3966.18
2026-09-05T15:15:00+05:30,4000.09
2026-09-05T15:30:00+05:30,4938.24
2026-09-05T15:45:00+05:30,5511.63
2026-09-05T16:00:00+05:30,9992.24
2026-09-05T16:15:00+05:30,9993.77
2026-09-05T16:30:00+05:30,10000.00
2026-09-05T16:45:00+05:30,10000.00
2026-09-05T17:00:00+05:30,10000.00
2026-09-05T17:15:00+05:30,10000.00
2026-09-05T17:30:00+05:30,10000.00
2026-09-05T17:45:00+05:30,10000.00
2026-09-05T18:00:00+05:30,10000.00
2026-09-05T18:15:00+05:30,10000.00
2026-09-05T18:30:00+05:30,10000.00
2026-09-05T18:45:00+05:30,10000.00
2026-09-05T19:00:00+05:30,10000.00
2026-09-05T19:15:00+05:30,10000.00
2026-09-05T19:30:00+05:30,10000.00
2026-09-05T19:45:00+05:30,10000.00
2026-09-05T20:00:00+05:30,10000.00
2026-09-05T20:15:00+05:30,10000.00
2026-09-05T20:30:00+05:30,10000.00
2026-09-05T20:45:00+05:30,10000.00
2026-09-05T21:00:00+05:30,10000.00
2026-09-05T21:15:00+05:30,10000.00
2026-09-05T21:30:00+05:30,10000.00
2026-09-05T21:45:00+05:30,10000.00
2026-09-05T22:00:00+05:30,10000.00
2026-09-05T22:15:00+05:30,10000.00
2026-09-05T22:30:00+05:30,10000.00
2026-09-05T22:45:00+05:30,10000.00
2026-09-05T23:00:00+05:30,10000.00
2026-09-05T23:15:00+05:30,10000.00
2026-09-05T23:30:00+05:30,10000.00
2026-09-05T23:45:00+05:30,10000.00
2026-09-06T00:00:00+05:30,10000.00
2026-09-06T00:15:00+05:30,10000.00
2026-09-06T00:30:00+05:30,10000.00
2026-09-06T00:45:00+05:30,10000.00
2026-09-06T01:00:00+05:30,10000.00
2026-09-06T01:15:00+05:30,10000.00
2026-09-06T01:30:00+05:30,10000.00
2026-09-06T01:45:00+05:30,10000.00
2026-09-06T02:00:00+05:30,10000.00
2026-09-06T02:15:00+05:30,10000.00
2026-09-06T02:30:00+05:30,10000.00
2026-09-06T02:45:00+05:30,10000.00
2026-09-06T03:00:00+05:30,10000.00
2026-09-06T03:15:00+05:30,10000.00
2026-09-06T03:30:00+05:30,10000.00
2026-09-06T03:45:00+05:30,10000.00
2026-09-06T04:00:00+05:30,10000.00
2026-09-06T04:15:00+05:30,10000.00
2026-09-06T04:30:00+05:30,10000.00
2026-09-06T04:45:00+05:30,10000.00
2026-09-06T05:00:00+05:30,10000.00
2026-09-06T05:15:00+05:30,10000.00
2026-09-06T05:30:00+05:30,10000.00
2026-09-06T05:45:00+05:30,10000.00
2026-09-06T06:00:00+05:30,10000.00
2026-09-06T06:15:00+05:30,10000.00
2026-09-06T06:30:00+05:30,10000.00
2026-09-06T06:45:00+05:30,10000.00
2026-09-06T07:00:00+05:30,10000.00
2026-09-06T07:15:00+05:30,10000.00
2026-09-06T07:30:00+05:30,10000.00
2026-09-06T07:45:00+05:30,10000.00
2026-09-06T08:00:00+05:30,10000.00
2026-09-06T08:15:00+05:30,6072.14
2026-09-06T08:30:00+05:30,5820.81
2026-09-06T08:45:00+05:30,4913.23
2026-09-06T09:00:00+05:30,3850.73
2026-09-06T09:15:00+05:30,3545.04
2026-09-06T09:30:00+05:30,3200.15
2026-09-06T09:45:00+05:30,2802.32
2026-09-06T10:00:00+05:30,2639.28
2026-09-06T10:15:00+05:30,2131.96
2026-09-06T10:30:00+05:30,2170.59
2026-09-06T10:45:00+05:30,2163.26
2026-09-06T11:00:00+05:30,2100.76
2026-09-06T11:15:00+05:30,2100.00
2026-09-06T11:30:00+05:30,2000.43
2026-09-06T11:45:00+05:30,1966.38
2026-09-06T12:00:00+05:30,1960.56
2026-09-06T12:15:00+05:30,1960.33
2026-09-06T12:30:00+05:30,1935.72
2026-09-06T12:45:00+05:30,1904.16
2026-09-06T13:00:00+05:30,1859.88
2026-09-06T13:15:00+05:30,1870.70
2026-09-06T13:30:00+05:30,1906.27
2026-09-06T13:45:00+05:30,1966.21
2026-09-06T14:00:00+05:30,2100.83
2026-09-06T14:15:00+05:30,2370.47
2026-09-06T14:30:00+05:30,2479.81
2026-09-06T14:45:00+05:30,2660.08
2026-09-06T15:00:00+05:30,2862.31
2026-09-06T15:15:00+05:30,3001.78
2026-09-06T15:30:00+05:30,3385.30
2026-09-06T15:45:00+05:30,3499.96
2026-09-06T16:00:00+05:30,3746.88
2026-09-06T16:15:00+05:30,5511.55
2026-09-06T16:30:00+05:30,10000.00
2026-09-06T16:45:00+05:30,10000.00
2026-09-06T17:00:00+05:30,10000.00
2026-09-06T17:15:00+05:30,10000.00
2026-09-06T17:30:00+05:30,10000.00
2026-09-06T17:45:00+05:30,10000.00
2026-09-06T18:00:00+05:30,10000.00
2026-09-06T18:15:00+05:30,10000.00
2026-09-06T18:30:00+05:30,10000.00
2026-09-06T18:45:00+05:30,10000.00
2026-09-06T19:00:00+05:30,10000.00
2026-09-06T19:15:00+05:30,10000.00
2026-09-06T19:30:00+05:30,10000.00
2026-09-06T19:45:00+05:30,10000.00
2026-09-06T20:00:00+05:30,10000.00
2026-09-06T20:15:00+05:30,10000.00
2026-09-06T20:30:00+05:30,10000.00
2026-09-06T20:45:00+05:30,10000.00
2026-09-06T21:00:00+05:30,10000.00
2026-09-06T21:15:00+05:30,10000.00
2026-09-06T21:30:00+05:30,10000.00
2026-09-06T21:45:00+05:30,10000.00
2026-09-06T22:00:00+05:30,10000.00
2026-09-06T22:15:00+05:30,10000.00
2026-09-06T22:30:00+05:30,10000.00
2026-09-06T22:45:00+05:30,10000.00
2026-09-06T23:00:00+05:30,10000.00
2026-09-06T23:15:00+05:30,10000.00
2026-09-06T23:30:00+05:30,10000.00
2026-09-06T23:45:00+05:30,10000.00
2026-09-07T00:00:00+05:30,10000.00
2026-09-07T00:15:00+05:30,10000.00
2026-09-07T00:30:00+05:30,10000.00
2026-09-07T00:45:00+05:30,10000.00
2026-09-07T01:00:00+05:30,10000.00
2026-09-07T01:15:00+05:30,10000.00
2026-09-07T01:30:00+05:30,10000.00
2026-09-07T01:45:00+05:30,10000.00
2026-09-07T02:00:00+05:30,10000.00
2026-09-07T02:15:00+05:30,10000.00
2026-09-07T02:30:00+05:30,10000.00
2026-09-07T02:45:00+05:30,10000.00
2026-09-07T03:00:00+05:30,10000.00
2026-09-07T03:15:00+05:30,10000.00
2026-09-07T03:30:00+05:30,10000.00
2026-09-07T03:45:00+05:30,10000.00
2026-09-07T04:00:00+05:30,10000.00
2026-09-07T04:15:00+05:30,10000.00
2026-09-07T04:30:00+05:30,10000.00
2026-09-07T04:45:00+05:30,10000.00
2026-09-07T05:00:00+05:30,10000.00
2026-09-07T05:15:00+05:30,10000.00
2026-09-07T05:30:00+05:30,10000.00
2026-09-07T05:45:00+05:30,10000.00
2026-09-07T06:00:00+05:30,10000.00
2026-09-07T06:15:00+05:30,10000.00
2026-09-07T06:30:00+05:30,10000.00
2026-09-07T06:45:00+05:30,10000.00
2026-09-07T07:00:00+05:30,10000.00
2026-09-07T07:15:00+05:30,10000.00
2026-09-07T07:30:00+05:30,10000.00
2026-09-07T07:45:00+05:30,10000.00
2026-09-07T08:00:00+05:30,10000.00
2026-09-07T08:15:00+05:30,10000.00
2026-09-07T08:30:00+05:30,10000.00
2026-09-07T08:45:00+05:30,10000.00
2026-09-07T09:00:00+05:30,9990.75
2026-09-07T09:15:00+05:30,5290.11
2026-09-07T09:30:00+05:30,3979.14
2026-09-07T09:45:00+05:30,3570.44
2026-09-07T10:00:00+05:30,3545.42
2026-09-07T10:15:00+05:30,3545.41
2026-09-07T10:30:00+05:30,3484.40
2026-09-07T10:45:00+05:30,3421.00
2026-09-07T11:00:00+05:30,3001.65
2026-09-07T11:15:00+05:30,2999.31
2026-09-07T11:30:00+05:30,2999.08
2026-09-07T11:45:00+05:30,2991.86
2026-09-07T12:00:00+05:30,2740.51
2026-09-07T12:15:00+05:30,2680.50
2026-09-07T12:30:00+05:30,2660.32
2026-09-07T12:45:00+05:30,2639.82
2026-09-07T13:00:00+05:30,2325.87
2026-09-07T13:15:00+05:30,2512.69
2026-09-07T13:30:00+05:30,2710.03
2026-09-07T13:45:00+05:30,2780.12
2026-09-07T14:00:00+05:30,3199.54
2026-09-07T14:15:00+05:30,3201.43
2026-09-07T14:30:00+05:30,3446.24
2026-09-07T14:45:00+05:30,3545.01
2026-09-07T15:00:00+05:30,3856.78
2026-09-07T15:15:00+05:30,4091.20
2026-09-07T15:30:00+05:30,5499.76
2026-09-07T15:45:00+05:30,6000.36
2026-09-07T16:00:00+05:30,10000.00
2026-09-07T16:15:00+05:30,10000.00
2026-09-07T16:30:00+05:30,10000.00
2026-09-07T16:45:00+05:30,10000.00
2026-09-07T17:00:00+05:30,10000.00
2026-09-07T17:15:00+05:30,10000.00
2026-09-07T17:30:00+05:30,10000.00
2026-09-07T17:45:00+05:30,10000.00
2026-09-07T18:00:00+05:30,10000.00
2026-09-07T18:15:00+05:30,10000.00
2026-09-07T18:30:00+05:30,10000.00
2026-09-07T18:45:00+05:30,10000.00
2026-09-07T19:00:00+05:30,10000.00
2026-09-07T19:15:00+05:30,10000.00
2026-09-07T19:30:00+05:30,10000.00
2026-09-07T19:45:00+05:30,10000.00
2026-09-07T20:00:00+05:30,10000.00
2026-09-07T20:15:00+05:30,10000.00
2026-09-07T20:30:00+05:30,10000.00
2026-09-07T20:45:00+05:30,10000.00
2026-09-07T21:00:00+05:30,10000.00
2026-09-07T21:15:00+05:30,10000.00
2026-09-07T21:30:00+05:30,10000.00
2026-09-07T21:45:00+05:30,10000.00
2026-09-07T22:00:00+05:30,10000.00
2026-09-07T22:15:00+05:30,10000.00
2026-09-07T22:30:00+05:30,10000.00
2026-09-07T22:45:00+05:30,10000.00
2026-09-07T23:00:00+05:30,10000.00
2026-09-07T23:15:00+05:30,10000.00
2026-09-07T23:30:00+05:30,10000.00
2026-09-07T23:45:00+05:30,10000.00
2026-09-08T00:00:00+05:30,10000.00
2026-09-08T00:15:00+05:30,10000.00
2026-09-08T00:30:00+05:30,10000.00
2026-09-08T00:45:00+05:30,10000.00
2026-09-08T01:00:00+05:30,10000.00
2026-09-08T01:15:00+05:30,10000.00
2026-09-08T01:30:00+05:30,10000.00
2026-09-08T01:45:00+05:30,10000.00
2026-09-08T02:00:00+05:30,10000.00
2026-09-08T02:15:00+05:30,10000.00
2026-09-08T02:30:00+05:30,10000.00
2026-09-08T02:45:00+05:30,10000.00
2026-09-08T03:00:00+05:30,10000.00
2026-09-08T03:15:00+05:30,10000.00
2026-09-08T03:30:00+05:30,10000.00
2026-09-08T03:45:00+05:30,10000.00
2026-09-08T04:00:00+05:30,10000.00
2026-09-08T04:15:00+05:30,10000.00
2026-09-08T04:30:00+05:30,10000.00
2026-09-08T04:45:00+05:30,10000.00
2026-09-08T05:00:00+05:30,10000.00
2026-09-08T05:15:00+05:30,10000.00
2026-09-08T05:30:00+05:30,10000.00
2026-09-08T05:45:00+05:30,10000.00
2026-09-08T06:00:00+05:30,10000.00
2026-09-08T06:15:00+05:30,10000.00
2026-09-08T06:30:00+05:30,10000.00
2026-09-08T06:45:00+05:30,10000.00
2026-09-08T07:00:00+05:30,10000.00
2026-09-08T07:15:00+05:30,10000.00
2026-09-08T07:30:00+05:30,10000.00
2026-09-08T07:45:00+05:30,10000.00
2026-09-08T08:00:00+05:30,10000.00
2026-09-08T08:15:00+05:30,9999.40
2026-09-08T08:30:00+05:30,9999.06
2026-09-08T08:45:00+05:30,3979.57
2026-09-08T09:00:00+05:30,3979.92
2026-09-08T09:15:00+05:30,3746.27
2026-09-08T09:30:00+05:30,3528.16
2026-09-08T09:45:00+05:30,3100.18
2026-09-08T10:00:00+05:30,2900.96
2026-09-08T10:15:00+05:30,2760.31
2026-09-08T10:30:00+05:30,2760.44
2026-09-08T10:45:00+05:30,2813.79
2026-09-08T11:00:00+05:30,2780.14
2026-09-08T11:15:00+05:30,2740.55
2026-09-08T11:30:00+05:30,2660.82
2026-09-08T11:45:00+05:30,2660.22
2026-09-08T12:00:00+05:30,2428.29
2026-09-08T12:15:00+05:30,2370.15
2026-09-08T12:30:00+05:30,2245.47
2026-09-08T12:45:00+05:30,2110.21
2026-09-08T13:00:00+05:30,2016.78
2026-09-08T13:15:00+05:30,2022.59
2026-09-08T13:30:00+05:30,2130.07
2026-09-08T13:45:00+05:30,2170.52
2026-09-08T14:00:00+05:30,2570.88
2026-09-08T14:15:00+05:30,2737.52
2026-09-08T14:30:00+05:30,2740.42
2026-09-08T14:45:00+05:30,3200.90
2026-09-08T15:00:00+05:30,3510.44
2026-09-08T15:15:00+05:30,3579.59
2026-09-08T15:30:00+05:30,4050.29
2026-09-08T15:45:00+05:30,4301.08
2026-09-08T16:00:00+05:30,9499.86
2026-09-08T16:15:00+05:30,10000.00
2026-09-08T16:30:00+05:30,10000.00
2026-09-08T16:45:00+05:30,10000.00
2026-09-08T17:00:00+05:30,10000.00
2026-09-08T17:15:00+05:30,10000.00
2026-09-08T17:30:00+05:30,10000.00
2026-09-08T17:45:00+05:30,10000.00
2026-09-08T18:00:00+05:30,10000.00
2026-09-08T18:15:00+05:30,10000.00
2026-09-08T18:30:00+05:30,10000.00
2026-09-08T18:45:00+05:30,10000.00
2026-09-08T19:00:00+05:30,10000.00
2026-09-08T19:15:00+05:30,10000.00
2026-09-08T19:30:00+05:30,10000.00
2026-09-08T19:45:00+05:30,10000.00
2026-09-08T20:00:00+05:30,10000.00
2026-09-08T20:15:00+05:30,10000.00
2026-09-08T20:30:00+05:30,10000.00
2026-09-08T20:45:00+05:30,10000.00
2026-09-08T21:00:00+05:30,10000.00
2026-09-08T21:15:00+05:30,10000.00
2026-09-08T21:30:00+05:30,10000.00
2026-09-08T21:45:00+05:30,10000.00
2026-09-08T22:00:00+05:30,10000.00
2026-09-08T22:15:00+05:30,10000.00
2026-09-08T22:30:00+05:30,10000.00
2026-09-08T22:45:00+05:30,10000.00
2026-09-08T23:00:00+05:30,10000.00
2026-09-08T23:15:00+05:30,10000.00
2026-09-08T23:30:00+05:30,10000.00
2026-09-08T23:45:00+05:30,10000.00
2026-09-09T00:00:00+05:30,10000.00
2026-09-09T00:15:00+05:30,10000.00
2026-09-09T00:30:00+05:30,10000.00
2026-09-09T00:45:00+05:30,10000.00
2026-09-09T01:00:00+05:30,10000.00
2026-09-09T01:15:00+05:30,10000.00
2026-09-09T01:30:00+05:30,10000.00
2026-09-09T01:45:00+05:30,10000.00
2026-09-09T02:00:00+05:30,10000.00
2026-09-09T02:15:00+05:30,10000.00
2026-09-09T02:30:00+05:30,10000.00
2026-09-09T02:45:00+05:30,10000.00
2026-09-09T03:00:00+05:30,10000.00
2026-09-09T03:15:00+05:30,10000.00
2026-09-09T03:30:00+05:30,10000.00
2026-09-09T03:45:00+05:30,10000.00
2026-09-09T04:00:00+05:30,10000.00
2026-09-09T04:15:00+05:30,10000.00
2026-09-09T04:30:00+05:30,10000.00
2026-09-09T04:45:00+05:30,10000.00
2026-09-09T05:00:00+05:30,10000.00
2026-09-09T05:15:00+05:30,10000.00
2026-09-09T05:30:00+05:30,10000.00
2026-09-09T05:45:00+05:30,10000.00
2026-09-09T06:00:00+05:30,10000.00
2026-09-09T06:15:00+05:30,10000.00
2026-09-09T06:30:00+05:30,10000.00
2026-09-09T06:45:00+05:30,10000.00
2026-09-09T07:00:00+05:30,10000.00
2026-09-09T07:15:00+05:30,10000.00
2026-09-09T07:30:00+05:30,10000.00
2026-09-09T07:45:00+05:30,10000.00
2026-09-09T08:00:00+05:30,10000.00
2026-09-09T08:15:00+05:30,10000.00
2026-09-09T08:30:00+05:30,9001.36
2026-09-09T08:45:00+05:30,7841.65
2026-09-09T09:00:00+05:30,5000.72
2026-09-09T09:15:00+05:30,3788.44
2026-09-09T09:30:00+05:30,3499.76
2026-09-09T09:45:00+05:30,3299.19
2026-09-09T10:00:00+05:30,2620.61
2026-09-09T10:15:00+05:30,2250.74
2026-09-09T10:30:00+05:30,2170.73
2026-09-09T10:45:00+05:30,2600.82
2026-09-09T11:00:00+05:30,2440.91
2026-09-09T11:15:00+05:30,2190.11
2026-09-09T11:30:00+05:30,2170.47
2026-09-09T11:45:00+05:30,2168.39
2026-09-09T12:00:00+05:30,2167.88
2026-09-09T12:15:00+05:30,2162.95
2026-09-09T12:30:00+05:30,2162.06
2026-09-09T12:45:00+05:30,2093.15
2026-09-09T13:00:00+05:30,1999.18
2026-09-09T13:15:00+05:30,1999.36
2026-09-09T13:30:00+05:30,2093.58
2026-09-09T13:45:00+05:30,2169.76
2026-09-09T14:00:00+05:30,2611.01
2026-09-09T14:15:00+05:30,2850.04
2026-09-09T14:30:00+05:30,2988.01
2026-09-09T14:45:00+05:30,3087.57
2026-09-09T15:00:00+05:30,3710.66
2026-09-09T15:15:00+05:30,4003.34
2026-09-09T15:30:00+05:30,5500.41
2026-09-09T15:45:00+05:30,6000.35
2026-09-09T16:00:00+05:30,10000.00
2026-09-09T16:15:00+05:30,10000.00
2026-09-09T16:30:00+05:30,10000.00
2026-09-09T16:45:00+05:30,10000.00
2026-09-09T17:00:00+05:30,10000.00
2026-09-09T17:15:00+05:30,10000.00
2026-09-09T17:30:00+05:30,10000.00
2026-09-09T17:45:00+05:30,10000.00
2026-09-09T18:00:00+05:30,10000.00
2026-09-09T18:15:00+05:30,10000.00
2026-09-09T18:30:00+05:30,10000.00
2026-09-09T18:45:00+05:30,10000.00
2026-09-09T19:00:00+05:30,10000.00
2026-09-09T19:15:00+05:30,10000.00
2026-09-09T19:30:00+05:30,10000.00
2026-09-09T19:45:00+05:30,10000.00
2026-09-09T20:00:00+05:30,10000.00
2026-09-09T20:15:00+05:30,10000.00
2026-09-09T20:30:00+05:30,10000.00
2026-09-09T20:45:00+05:30,10000.00
2026-09-09T21:00:00+05:30,10000.00
2026-09-09T21:15:00+05:30,10000.00
2026-09-09T21:30:00+05:30,10000.00
2026-09-09T21:45:00+05:30,10000.00
2026-09-09T22:00:00+05:30,10000.00
2026-09-09T22:15:00+05:30,10000.00
2026-09-09T22:30:00+05:30,10000.00
2026-09-09T22:45:00+05:30,10000.00
2026-09-09T23:00:00+05:30,10000.00
2026-09-09T23:15:00+05:30,10000.00
2026-09-09T23:30:00+05:30,10000.00
2026-09-09T23:45:00+05:30,10000.00
2026-09-10T00:00:00+05:30,10000.00
2026-09-10T00:15:00+05:30,10000.00
2026-09-10T00:30:00+05:30,10000.00
2026-09-10T00:45:00+05:30,10000.00
2026-09-10T01:00:00+05:30,10000.00
2026-09-10T01:15:00+05:30,10000.00
2026-09-10T01:30:00+05:30,10000.00
2026-09-10T01:45:00+05:30,10000.00
2026-09-10T02:00:00+05:30,10000.00
2026-09-10T02:15:00+05:30,10000.00
2026-09-10T02:30:00+05:30,10000.00
2026-09-10T02:45:00+05:30,10000.00
2026-09-10T03:00:00+05:30,10000.00
2026-09-10T03:15:00+05:30,10000.00
2026-09-10T03:30:00+05:30,10000.00
2026-09-10T03:45:00+05:30,10000.00
2026-09-10T04:00:00+05:30,10000.00
2026-09-10T04:15:00+05:30,10000.00
2026-09-10T04:30:00+05:30,10000.00
2026-09-10T04:45:00+05:30,10000.00
2026-09-10T05:00:00+05:30,10000.00
2026-09-10T05:15:00+05:30,10000.00
2026-09-10T05:30:00+05:30,10000.00
2026-09-10T05:45:00+05:30,10000.00
2026-09-10T06:00:00+05:30,10000.00
2026-09-10T06:15:00+05:30,10000.00
2026-09-10T06:30:00+05:30,10000.00
2026-09-10T06:45:00+05:30,10000.00
2026-09-10T07:00:00+05:30,10000.00
2026-09-10T07:15:00+05:30,10000.00
2026-09-10T07:30:00+05:30,10000.00
2026-09-10T07:45:00+05:30,10000.00
2026-09-10T08:00:00+05:30,10000.00
2026-09-10T08:15:00+05:30,10000.00
2026-09-10T08:30:00+05:30,10000.00
2026-09-10T08:45:00+05:30,10000.00
2026-09-10T09:00:00+05:30,5820.13
2026-09-10T09:15:00+05:30,4091.93
2026-09-10T09:30:00+05:30,3743.45
2026-09-10T09:45:00+05:30,3440.82
2026-09-10T10:00:00+05:30,3462.58
2026-09-10T10:15:00+05:30,3440.14
2026-09-10T10:30:00+05:30,3392.64
2026-09-10T10:45:00+05:30,3199.91
2026-09-10T11:00:00+05:30,2999.26
2026-09-10T11:15:00+05:30,2980.09
2026-09-10T11:30:00+05:30,2780.80
2026-09-10T11:45:00+05:30,2760.43
2026-09-10T12:00:00+05:30,2660.61
2026-09-10T12:15:00+05:30,2660.47
2026-09-10T12:30:00+05:30,2660.40
2026-09-10T12:45:00+05:30,2660.31
2026-09-10T13:00:00+05:30,2611.57
2026-09-10T13:15:00+05:30,2611.99
2026-09-10T13:30:00+05:30,2687.63
2026-09-10T13:45:00+05:30,2850.41
2026-09-10T14:00:00+05:30,3049.12
2026-09-10T14:15:00+05:30,3301.58
2026-09-10T14:30:00+05:30,3490.85
2026-09-10T14:45:00+05:30,3710.50
2026-09-10T15:00:00+05:30,4091.32
2026-09-10T15:15:00+05:30,5499.47
2026-09-10T15:30:00+05:30,7500.68
2026-09-10T15:45:00+05:30,10000.00
2026-09-10T16:00:00+05:30,10000.00
2026-09-10T16:15:00+05:30,10000.00
2026-09-10T16:30:00+05:30,10000.00
2026-09-10T16:45:00+05:30,10000.00
2026-09-10T17:00:00+05:30,10000.00
2026-09-10T17:15:00+05:30,10000.00
2026-09-10T17:30:00+05:30,10000.00
2026-09-10T17:45:00+05:30,10000.00
2026-09-10T18:00:00+05:30,10000.00
2026-09-10T18:15:00+05:30,10000.00
2026-09-10T18:30:00+05:30,10000.00
2026-09-10T18:45:00+05:30,10000.00
2026-09-10T19:00:00+05:30,10000.00
2026-09-10T19:15:00+05:30,10000.00
2026-09-10T19:30:00+05:30,10000.00
2026-09-10T19:45:00+05:30,10000.00
2026-09-10T20:00:00+05:30,10000.00
2026-09-10T20:15:00+05:30,10000.00
2026-09-10T20:30:00+05:30,10000.00
2026-09-10T20:45:00+05:30,10000.00
2026-09-10T21:00:00+05:30,10000.00
2026-09-10T21:15:00+05:30,10000.00
2026-09-10T21:30:00+05:30,10000.00
2026-09-10T21:45:00+05:30,10000.00
2026-09-10T22:00:00+05:30,10000.00
2026-09-10T22:15:00+05:30,10000.00
2026-09-10T22:30:00+05:30,10000.00
2026-09-10T22:45:00+05:30,10000.00
2026-09-10T23:00:00+05:30,10000.00
2026-09-10T23:15:00+05:30,10000.00
2026-09-10T23:30:00+05:30,10000.00
2026-09-10T23:45:00+05:30,10000.00
2026-09-11T00:00:00+05:30,10000.00
2026-09-11T00:15:00+05:30,10000.00
2026-09-11T00:30:00+05:30,10000.00
2026-09-11T00:45:00+05:30,10000.00
2026-09-11T01:00:00+05:30,10000.00
2026-09-11T01:15:00+05:30,10000.00
2026-09-11T01:30:00+05:30,10000.00
2026-09-11T01:45:00+05:30,10000.00
2026-09-11T02:00:00+05:30,10000.00
2026-09-11T02:15:00+05:30,10000.00
2026-09-11T02:30:00+05:30,10000.00
2026-09-11T02:45:00+05:30,10000.00
2026-09-11T03:00:00+05:30,10000.00
2026-09-11T03:15:00+05:30,10000.00
2026-09-11T03:30:00+05:30,10000.00
2026-09-11T03:45:00+05:30,10000.00
2026-09-11T04:00:00+05:30,10000.00
2026-09-11T04:15:00+05:30,10000.00
2026-09-11T04:30:00+05:30,10000.00
2026-09-11T04:45:00+05:30,10000.00
2026-09-11T05:00:00+05:30,10000.00
2026-09-11T05:15:00+05:30,10000.00
2026-09-11T05:30:00+05:30,10000.00
2026-09-11T05:45:00+05:30,10000.00
2026-09-11T06:00:00+05:30,10000.00
2026-09-11T06:15:00+05:30,10000.00
2026-09-11T06:30:00+05:30,10000.00
2026-09-11T06:45:00+05:30,10000.00
2026-09-11T07:00:00+05:30,10000.00
2026-09-11T07:15:00+05:30,10000.00
2026-09-11T07:30:00+05:30,10000.00
2026-09-11T07:45:00+05:30,10000.00
2026-09-11T08:00:00+05:30,10000.00
2026-09-11T08:15:00+05:30,10000.00
2026-09-11T08:30:00+05:30,10000.00
2026-09-11T08:45:00+05:30,5820.01
2026-09-11T09:00:00+05:30,4900.58
2026-09-11T09:15:00+05:30,4103.51
2026-09-11T09:30:00+05:30,3743.39
2026-09-11T09:45:00+05:30,3603.09
2026-09-11T10:00:00+05:30,3647.52
2026-09-11T10:15:00+05:30,3546.77
2026-09-11T10:30:00+05:30,3545.42
2026-09-11T10:45:00+05:30,3500.49
2026-09-11T11:00:00+05:30,3500.60
2026-09-11T11:15:00+05:30,3465.97
2026-09-11T11:30:00+05:30,3465.54
2026-09-11T11:45:00+05:30,3458.71
2026-09-11T12:00:00+05:30,3206.91
2026-09-11T12:15:00+05:30,3200.76
2026-09-11T12:30:00+05:30,3240.13
2026-09-11T12:45:00+05:30,3199.71
2026-09-11T13:00:00+05:30,2989.44
2026-09-11T13:15:00+05:30,3001.99
2026-09-11T13:30:00+05:30,3130.61
2026-09-11T13:45:00+05:30,3300.46
2026-09-11T14:00:00+05:30,3528.26
2026-09-11T14:15:00+05:30,3560.42
2026-09-11T14:30:00+05:30,3823.70
2026-09-11T14:45:00+05:30,4000.33
2026-09-11T15:00:00+05:30,4750.24
2026-09-11T15:15:00+05:30,5511.94
2026-09-11T15:30:00+05:30,9000.01
2026-09-11T15:45:00+05:30,10000.00
2026-09-11T16:00:00+05:30,10000.00
2026-09-11T16:15:00+05:30,10000.00
2026-09-11T16:30:00+05:30,10000.00
2026-09-11T16:45:00+05:30,10000.00
2026-09-11T17:00:00+05:30,10000.00
2026-09-11T17:15:00+05:30,10000.00
2026-09-11T17:30:00+05:30,10000.00
2026-09-11T17:45:00+05:30,10000.00
2026-09-11T18:00:00+05:30,10000.00
2026-09-11T18:15:00+05:30,10000.00
2026-09-11T18:30:00+05:30,10000.00
2026-09-11T18:45:00+05:30,10000.00
2026-09-11T19:00:00+05:30,10000.00
2026-09-11T19:15:00+05:30,10000.00
2026-09-11T19:30:00+05:30,10000.00
2026-09-11T19:45:00+05:30,10000.00
2026-09-11T20:00:00+05:30,10000.00
2026-09-11T20:15:00+05:30,10000.00
2026-09-11T20:30:00+05:30,10000.00
2026-09-11T20:45:00+05:30,10000.00
2026-09-11T21:00:00+05:30,10000.00
2026-09-11T21:15:00+05:30,10000.00
2026-09-11T21:30:00+05:30,10000.00
2026-09-11T21:45:00+05:30,10000.00
2026-09-11T22:00:00+05:30,10000.00
2026-09-11T22:15:00+05:30,10000.00
2026-09-11T22:30:00+05:30,10000.00
2026-09-11T22:45:00+05:30,10000.00
2026-09-11T23:00:00+05:30,10000.00
2026-09-11T23:15:00+05:30,10000.00
2026-09-11T23:30:00+05:30,10000.00
2026-09-11T23:45:00+05:30,10000.00
2026-09-12T00:00:00+05:30,10000.00
2026-09-12T00:15:00+05:30,10000.00
2026-09-12T00:30:00+05:30,10000.00
2026-09-12T00:45:00+05:30,10000.00
2026-09-12T01:00:00+05:30,10000.00
2026-09-12T01:15:00+05:30,10000.00
2026-09-12T01:30:00+05:30,10000.00
2026-09-12T01:45:00+05:30,10000.00
2026-09-12T02:00:00+05:30,10000.00
2026-09-12T02:15:00+05:30,10000.00
2026-09-12T02:30:00+05:30,10000.00
2026-09-12T02:45:00+05:30,10000.00
2026-09-12T03:00:00+05:30,10000.00
2026-09-12T03:15:00+05:30,10000.00
2026-09-12T03:30:00+05:30,10000.00
2026-09-12T03:45:00+05:30,10000.00
2026-09-12T04:00:00+05:30,10000.00
2026-09-12T04:15:00+05:30,10000.00
2026-09-12T04:30:00+05:30,10000.00
2026-09-12T04:45:00+05:30,10000.00
2026-09-12T05:00:00+05:30,10000.00
2026-09-12T05:15:00+05:30,10000.00
2026-09-12T05:30:00+05:30,10000.00
2026-09-12T05:45:00+05:30,10000.00
2026-09-12T06:00:00+05:30,10000.00
2026-09-12T06:15:00+05:30,10000.00
2026-09-12T06:30:00+05:30,10000.00
2026-09-12T06:45:00+05:30,10000.00
2026-09-12T07:00:00+05:30,10000.00
2026-09-12T07:15:00+05:30,10000.00
2026-09-12T07:30:00+05:30,10000.00
2026-09-12T07:45:00+05:30,10000.00
2026-09-12T08:00:00+05:30,10000.00
2026-09-12T08:15:00+05:30,10000.00
2026-09-12T08:30:00+05:30,10000.00
2026-09-12T08:45:00+05:30,10000.00
2026-09-12T09:00:00+05:30,6454.10
2026-09-12T09:15:00+05:30,4990.03
2026-09-12T09:30:00+05:30,3743.46
2026-09-12T09:45:00+05:30,3560.81
2026-09-12T10:00:00+05:30,3545.04
2026-09-12T10:15:00+05:30,3401.57
2026-09-12T10:30:00+05:30,3401.05
2026-09-12T10:45:00+05:30,3258.18
2026-09-12T11:00:00+05:30,3180.40
2026-09-12T11:15:00+05:30,3180.41
2026-09-12T11:30:00+05:30,3102.88
2026-09-12T11:45:00+05:30,3050.82
2026-09-12T12:00:00+05:30,3048.33
2026-09-12T12:15:00+05:30,3180.09
2026-09-12T12:30:00+05:30,3049.99
2026-09-12T12:45:00+05:30,3049.04
2026-09-12T13:00:00+05:30,2710.52
2026-09-12T13:15:00+05:30,2710.85
2026-09-12T13:30:00+05:30,2999.45
2026-09-12T13:45:00+05:30,3199.19
2026-09-12T14:00:00+05:30,3528.45
2026-09-12T14:15:00+05:30,3560.73
2026-09-12T14:30:00+05:30,3746.76
2026-09-12T14:45:00+05:30,4299.35
2026-09-12T15:00:00+05:30,9001.87
2026-09-12T15:15:00+05:30,10000.00
2026-09-12T15:30:00+05:30,10000.00
2026-09-12T15:45:00+05:30,10000.00
2026-09-12T16:00:00+05:30,10000.00
2026-09-12T16:15:00+05:30,10000.00
2026-09-12T16:30:00+05:30,10000.00
2026-09-12T16:45:00+05:30,10000.00
2026-09-12T17:00:00+05:30,10000.00
2026-09-12T17:15:00+05:30,10000.00
2026-09-12T17:30:00+05:30,10000.00
2026-09-12T17:45:00+05:30,10000.00
2026-09-12T18:00:00+05:30,10000.00
2026-09-12T18:15:00+05:30,10000.00
2026-09-12T18:30:00+05:30,10000.00
2026-09-12T18:45:00+05:30,10000.00
2026-09-12T19:00:00+05:30,10000.00
2026-09-12T19:15:00+05:30,10000.00
2026-09-12T19:30:00+05:30,10000.00
2026-09-12T19:45:00+05:30,10000.00
2026-09-12T20:00:00+05:30,10000.00
2026-09-12T20:15:00+05:30,10000.00
2026-09-12T20:30:00+05:30,10000.00
2026-09-12T20:45:00+05:30,10000.00
2026-09-12T21:00:00+05:30,10000.00
2026-09-12T21:15:00+05:30,10000.00
2026-09-12T21:30:00+05:30,10000.00
2026-09-12T21:45:00+05:30,10000.00
2026-09-12T22:00:00+05:30,10000.00
2026-09-12T22:15:00+05:30,10000.00
2026-09-12T22:30:00+05:30,10000.00
2026-09-12T22:45:00+05:30,10000.00
2026-09-12T23:00:00+05:30,10000.00
2026-09-12T23:15:00+05:30,10000.00
2026-09-12T23:30:00+05:30,10000.00
2026-09-12T23:45:00+05:30,10000.00
2026-09-13T00:00:00+05:30,10000.00
2026-09-13T00:15:00+05:30,10000.00
2026-09-13T00:30:00+05:30,10000.00
2026-09-13T00:45:00+05:30,10000.00
2026-09-13T01:00:00+05:30,10000.00
2026-09-13T01:15:00+05:30,10000.00
2026-09-13T01:30:00+05:30,10000.00
2026-09-13T01:45:00+05:30,10000.00
2026-09-13T02:00:00+05:30,10000.00
2026-09-13T02:15:00+05:30,10000.00
2026-09-13T02:30:00+05:30,10000.00
2026-09-13T02:45:00+05:30,10000.00
2026-09-13T03:00:00+05:30,10000.00
2026-09-13T03:15:00+05:30,10000.00
2026-09-13T03:30:00+05:30,10000.00
2026-09-13T03:45:00+05:30,10000.00
2026-09-13T04:00:00+05:30,10000.00
2026-09-13T04:15:00+05:30,10000.00
2026-09-13T04:30:00+05:30,10000.00
2026-09-13T04:45:00+05:30,10000.00
2026-09-13T05:00:00+05:30,10000.00
2026-09-13T05:15:00+05:30,10000.00
2026-09-13T05:30:00+05:30,10000.00
2026-09-13T05:45:00+05:30,10000.00
2026-09-13T06:00:00+05:30,10000.00
2026-09-13T06:15:00+05:30,10000.00
2026-09-13T06:30:00+05:30,10000.00
2026-09-13T06:45:00+05:30,10000.00
2026-09-13T07:00:00+05:30,10000.00
2026-09-13T07:15:00+05:30,10000.00
2026-09-13T07:30:00+05:30,10000.00
2026-09-13T07:45:00+05:30,10000.00
2026-09-13T08:00:00+05:30,10000.00
2026-09-13T08:15:00+05:30,10000.00
2026-09-13T08:30:00+05:30,9234.93
2026-09-13T08:45:00+05:30,10000.00
2026-09-13T09:00:00+05:30,6100.50
2026-09-13T09:15:00+05:30,4003.71
2026-09-13T09:30:00+05:30,3669.75
2026-09-13T09:45:00+05:30,3528.20
2026-09-13T10:00:00+05:30,3200.46
2026-09-13T10:15:00+05:30,2899.14
2026-09-13T10:30:00+05:30,2780.24
2026-09-13T10:45:00+05:30,2660.15
2026-09-13T11:00:00+05:30,2611.28
2026-09-13T11:15:00+05:30,2537.03
2026-09-13T11:30:00+05:30,2440.96
2026-09-13T11:45:00+05:30,2342.57
2026-09-13T12:00:00+05:30,2148.70
2026-09-13T12:15:00+05:30,2112.68
2026-09-13T12:30:00+05:30,2100.57
2026-09-13T12:45:00+05:30,2100.15
2026-09-13T13:00:00+05:30,1940.54
2026-09-13T13:15:00+05:30,1966.28
2026-09-13T13:30:00+05:30,2093.85
2026-09-13T13:45:00+05:30,2149.68
2026-09-13T14:00:00+05:30,2760.26
2026-09-13T14:15:00+05:30,2850.47
2026-09-13T14:30:00+05:30,3001.55
2026-09-13T14:45:00+05:30,3350.06
2026-09-13T15:00:00+05:30,3630.47
2026-09-13T15:15:00+05:30,3579.00
2026-09-13T15:30:00+05:30,3987.94
2026-09-13T15:45:00+05:30,7749.94
2026-09-13T16:00:00+05:30,10000.00
2026-09-13T16:15:00+05:30,10000.00
2026-09-13T16:30:00+05:30,10000.00
2026-09-13T16:45:00+05:30,10000.00
2026-09-13T17:00:00+05:30,10000.00
2026-09-13T17:15:00+05:30,10000.00
2026-09-13T17:30:00+05:30,10000.00
2026-09-13T17:45:00+05:30,10000.00
2026-09-13T18:00:00+05:30,10000.00
2026-09-13T18:15:00+05:30,10000.00
2026-09-13T18:30:00+05:30,10000.00
2026-09-13T18:45:00+05:30,10000.00
2026-09-13T19:00:00+05:30,10000.00
2026-09-13T19:15:00+05:30,10000.00
2026-09-13T19:30:00+05:30,10000.00
2026-09-13T19:45:00+05:30,10000.00
2026-09-13T20:00:00+05:30,10000.00
2026-09-13T20:15:00+05:30,10000.00
2026-09-13T20:30:00+05:30,10000.00
2026-09-13T20:45:00+05:30,10000.00
2026-09-13T21:00:00+05:30,10000.00
2026-09-13T21:15:00+05:30,10000.00
2026-09-13T21:30:00+05:30,10000.00
2026-09-13T21:45:00+05:30,10000.00
2026-09-13T22:00:00+05:30,10000.00
2026-09-13T22:15:00+05:30,10000.00
2026-09-13T22:30:00+05:30,10000.00
2026-09-13T22:45:00+05:30,10000.00
2026-09-13T23:00:00+05:30,10000.00
2026-09-13T23:15:00+05:30,10000.00
2026-09-13T23:30:00+05:30,10000.00
2026-09-13T23:45:00+05:30,10000.00
